refer_id,refer_sid,refer_section,cite_id,cite_sid,cite_section,refer_section_in_sections,refer_sentence_in_section_ratio,refer_sentence_in_document_ratio,cite_section_in_sections,cite_sentence_in_section_ratio,cite_sentence_in_document_ratio,label
C00-2123,[179],[4],C02-1050,"[39, 40, 41]","[2, 2, 2]",4/ 7,39/ 51,179/ 203,2/ 8,20/ 22,40/ 130,Method_Citation
C00-2123,"[1, 94]","[0, 3]",C02-1050,[8],[1],2/ 7,29/ 103,48/ 203,1/ 8,8/ 16,8/ 130,Method_Citation
C00-2123,"[46, 47]","[3, 3]",C02-1050,[43],[3],3/ 7,10/ 103,46/ 203,3/ 8,1/ 48,43/ 130,Method_Citation
C00-2123,"[94, 139]","[3, 3]",C02-1050,[80],[3],3/ 7,80/ 103,116/ 203,3/ 8,38/ 48,80/ 130,Method_Citation
C00-2123,[39],[3],C04-1091,[22],[1],3/ 7,2/ 103,39/ 203,1/ 8,22/ 34,22/ 258,Method_Citation
C00-2123,[6],[1],E06-1004,"[21, 22]","[1, 1]",1/ 7,6/ 12,6/ 203,1/ 6,22/ 33,22/ 229,Method_Citation
C00-2123,[169],[4],H01-1062,[113],[5],4/ 7,29/ 51,169/ 203,5/ 8,16/ 76,113/ 181,Method_Citation
C00-2123,[165],[4],J03-1005,"[115, 117]","[2, 2]",4/ 7,25/ 51,165/ 203,2/ 7,74/ 75,116/ 747,Method_Citation
C00-2123,[20],[2],J04-2003,[35],[1],2/ 7,4/ 21,20/ 203,1/ 10,35/ 50,35/ 448,Method_Citation
C00-2123,[179],[4],J04-4002,[282],[5],4/ 7,39/ 51,179/ 203,5/ 9,48/ 103,282/ 512,Method_Citation
C00-2123,"[136, 165]","[3, 4]",N03-1010,[16],[1],4/ 7,62/ 51,150/ 203,1/ 4,16/ 31,16/ 242,Method_Citation
C00-2123,[169],[4],P01-1027,[127],[6],4/ 7,29/ 51,169/ 203,6/ 7,34/ 42,127/ 135,Method_Citation
C00-2123,[165],[4],P03-1039,[113],[6],4/ 7,25/ 51,165/ 203,6/ 8,22/ 75,113/ 167,Method_Citation
C00-2123,[58],[3],P03-1039,[120],[6],3/ 7,21/ 103,58/ 203,6/ 8,29/ 75,120/ 167,Implication_Citation
C00-2123,[58],[3],P03-1039,[120],[6],3/ 7,21/ 103,58/ 203,6/ 8,29/ 75,120/ 167,Method_Citation
C00-2123,[159],[4],W01-1404,[5],[1],4/ 7,19/ 51,159/ 203,1/ 9,5/ 18,5/ 149,Implication_Citation
C00-2123,[169],[4],W01-1407,[110],[7],4/ 7,29/ 51,169/ 203,7/ 9,26/ 47,110/ 146,Method_Citation
C00-2123,[165],[4],W01-1408,[47],[3],4/ 7,25/ 51,165/ 203,3/ 9,23/ 35,47/ 180,Method_Citation
C00-2123,[1],[0],W02-1020,"[61, 62]","[3, 3]",0/ 7,1/ 4,1/ 203,3/ 8,20/ 32,62/ 170,Aim_Citation
C00-2123,[1],[0],W02-1020,"[61, 62]","[3, 3]",0/ 7,1/ 4,1/ 203,3/ 8,20/ 32,62/ 170,Method_Citation
C02-1025,[63],[4],C10-2104,[115],[3],4/ 7,3/ 98,63/ 204,3/ 7,27/ 73,115/ 193,Method_Citation
C02-1025,[4],[0],C10-2167,[65],[2],0/ 7,4/ 4,4/ 204,2/ 5,25/ 33,65/ 312,Results_Citation
C02-1025,[4],[0],I05-3013,[88],[3],0/ 7,4/ 4,4/ 204,3/ 8,6/ 19,88/ 249,Results_Citation
C02-1025,[196],[6],I05-3030,[33],[1],6/ 7,1/ 9,196/ 204,1/ 2,33/ 67,33/ 72,Results_Citation
C02-1025,[86],[4],P02-1061,[51],[3],4/ 7,26/ 98,86/ 204,3/ 7,4/ 95,51/ 184,Method_Citation
C02-1025,[6],[1],P03-1028,[161],[3],1/ 7,6/ 13,6/ 204,3/ 6,86/ 105,161/ 217,Implication_Citation
C02-1025,"[2, 3]","[0, 0]",P03-1028,[52],[2],0/ 7,2/ 4,2/ 204,2/ 6,29/ 52,52/ 217,Method_Citation
C02-1025,[63],[4],P05-1045,[174],[8],4/ 7,3/ 98,63/ 204,8/ 11,9/ 28,174/ 199,Method_Citation
C02-1025,[63],[4],P05-1051,[27],[2],4/ 7,3/ 98,63/ 204,2/ 11,4/ 10,27/ 162,Method_Citation
C02-1025,[4],[0],W03-0423,[12],[1],0/ 7,4/ 4,4/ 204,1/ 5,12/ 11,12/ 124,Results_Citation
C02-1025,"[102, 103, 104]","[4, 4, 4]",W03-0423,[32],[3],4/ 7,43/ 98,103/ 204,3/ 5,8/ 83,32/ 124,Method_Citation
C02-1025,"[61, 62, 63]","[4, 4, 4]",W03-0423,[44],[3],4/ 7,2/ 98,62/ 204,3/ 5,20/ 83,44/ 124,Method_Citation
C02-1025,[86],[4],W03-0423,[62],[3],4/ 7,26/ 98,86/ 204,3/ 5,38/ 83,62/ 124,Method_Citation
C02-1025,"[61, 62, 63]","[4, 4, 4]",W03-0423,[46],[3],4/ 7,2/ 98,62/ 204,3/ 5,22/ 83,46/ 124,Method_Citation
C02-1025,"[136, 137]","[4, 4]",W03-0432,[44],[3],4/ 7,76/ 98,136/ 204,3/ 7,7/ 34,44/ 109,Method_Citation
C02-1025,[11],[1],W04-0705,[8],[1],1/ 7,11/ 13,11/ 204,1/ 11,8/ 20,8/ 163,Method_Citation
C02-1025,[63],[4],W04-0705,[147],[8],4/ 7,3/ 98,63/ 204,8/ 11,30/ 34,147/ 163,Method_Citation
C02-1025,[4],[0],W06-0119,[11],[1],0/ 7,4/ 4,4/ 204,1/ 5,11/ 24,11/ 88,Results_Citation
C04-1089,"[53, 61]","[2, 3]",C10-1070,"[78, 79]","[2, 2]",2/ 9,18/ 13,57/ 176,2/ 7,38/ 51,78/ 196,Method_Citation
C04-1089,[135],[5],C10-2164,[15],[2],5/ 9,63/ 89,135/ 176,2/ 10,1/ 21,15/ 227,Method_Citation
C04-1089,"[10, 11]","[1, 1]",D10-1042,"[53, 54]","[2, 2]",1/ 9,10/ 18,10/ 176,2/ 7,8/ 18,54/ 214,Implication_Citation
C04-1089,[32],[2],D12-1003,[38],[2],2/ 9,9/ 31,32/ 176,2/ 9,7/ 52,38/ 310,Method_Citation
C04-1089,[17],[1],D12-1003,[68],[2],1/ 9,17/ 18,17/ 176,2/ 9,37/ 52,68/ 310,Aim_Citation
C04-1089,[17],[1],D12-1003,[68],[2],1/ 9,17/ 18,17/ 176,2/ 9,37/ 52,68/ 310,Method_Citation
C04-1089,[17],[1],N09-1048,[15],[1],1/ 9,17/ 18,17/ 176,1/ 10,15/ 33,15/ 241,Aim_Citation
C04-1089,[17],[1],N09-1048,[15],[1],1/ 9,17/ 18,17/ 176,1/ 10,15/ 33,15/ 241,Method_Citation
C04-1089,[17],[1],N09-1048,[50],[2],1/ 9,17/ 18,17/ 176,2/ 10,10/ 21,50/ 241,Aim_Citation
C04-1089,[17],[1],N09-1048,[50],[2],1/ 9,17/ 18,17/ 176,2/ 10,10/ 21,50/ 241,Method_Citation
C04-1089,[17],[1],P06-1011,[147],[4],1/ 9,17/ 18,17/ 176,4/ 7,1/ 21,147/ 177,Aim_Citation
C04-1089,[17],[1],P06-1011,[147],[4],1/ 9,17/ 18,17/ 176,4/ 7,1/ 21,147/ 177,Method_Citation
C04-1089,[90],[5],P13-1059,[208],[6],5/ 9,18/ 89,90/ 176,6/ 9,17/ 19,208/ 221,Method_Citation
C04-1089,[30],[2],P13-1062,"[163, 164]","[5, 5]",2/ 9,7/ 31,30/ 176,5/ 8,4/ 75,164/ 243,Method_Citation
C04-1089,[17],[1],P13-2036,[7],[1],1/ 9,17/ 18,17/ 176,1/ 7,7/ 23,7/ 105,Aim_Citation
C04-1089,[17],[1],P13-2036,[7],[1],1/ 9,17/ 18,17/ 176,1/ 7,7/ 23,7/ 105,Method_Citation
C04-1089,[107],[5],P13-2036,[8],[1],5/ 9,35/ 89,107/ 176,1/ 7,8/ 23,8/ 105,Method_Citation
C04-1089,[17],[1],W11-1215,[38],[2],1/ 9,17/ 18,17/ 176,2/ 9,16/ 17,38/ 233,Aim_Citation
C04-1089,[17],[1],W11-1215,[38],[2],1/ 9,17/ 18,17/ 176,2/ 9,16/ 17,38/ 233,Method_Citation
C04-1089,[7],[1],W13-2501,[23],[2],1/ 9,7/ 18,7/ 176,2/ 7,1/ 18,23/ 200,Implication_Citation
C04-1089,[135],[5],W13-2512,[66],[2],5/ 9,63/ 89,135/ 176,2/ 4,18/ 172,66/ 221,Method_Citation
C08-1098,"[5, 6, 127]","[1, 1, 5]",C10-2023,[122],[4],2/ 8,6/ 87,46/ 225,4/ 7,9/ 79,122/ 213,Implication_Citation
C08-1098,"[5, 6, 127]","[1, 1, 5]",C10-2023,[122],[4],2/ 8,6/ 87,46/ 225,4/ 7,9/ 79,122/ 213,Results_Citation
C08-1098,[100],[4],D12-1133,[208],[3],4/ 8,6/ 26,100/ 225,3/ 6,99/ 240,208/ 379,Method_Citation
C08-1098,[167],[5],D12-1133,[228],[3],5/ 8,47/ 87,167/ 225,3/ 6,119/ 240,228/ 379,Results_Citation
C08-1098,[4],[1],D13-1032,[212],[5],1/ 8,4/ 36,4/ 225,5/ 8,20/ 47,212/ 244,Method_Citation
C08-1098,[95],[4],D13-1033,[176],[2],4/ 8,1/ 26,95/ 225,2/ 8,139/ 189,176/ 338,Method_Citation
C08-1098,[59],[2],E09-1079,[121],[5],2/ 8,20/ 49,59/ 225,5/ 7,7/ 51,121/ 212,Method_Citation
C08-1098,"[59, 68]","[2, 2]",P10-1020,[159],[3],2/ 8,24/ 49,64/ 225,3/ 7,71/ 108,159/ 255,Method_Citation
C08-1098,[224],[7],P10-1068,[42],[2],7/ 8,1/ 2,224/ 225,2/ 8,31/ 64,42/ 177,Method_Citation
C08-1098,[224],[7],P10-1068,[74],[2],7/ 8,1/ 2,224/ 225,2/ 8,63/ 64,74/ 177,Method_Citation
C08-1098,"[5, 224]","[1, 7]",P10-1068,[81],[3],4/ 8,3/ 2,114/ 225,3/ 8,6/ 35,81/ 177,Method_Citation
C08-1098,[224],[7],W10-1704,[32],[3],7/ 8,1/ 2,224/ 225,3/ 10,18/ 34,32/ 124,Method_Citation
C08-1098,[127],[5],W10-1727,[41],[3],5/ 8,7/ 87,127/ 225,3/ 8,4/ 18,41/ 142,Results_Citation
C08-1098,[224],[7],W11-2135,[49],[3],7/ 8,1/ 2,224/ 225,3/ 8,4/ 23,49/ 162,Method_Citation
C08-1098,"[12, 127]","[1, 5]",W11-2145,"[101, 102]","[2, 2]",3/ 8,10/ 87,70/ 225,2/ 6,92/ 109,102/ 169,Results_Citation
C08-1098,"[4, 5]","[1, 1]",W11-2147,[26],[2],1/ 8,4/ 36,4/ 225,2/ 6,15/ 40,26/ 137,Implication_Citation
C08-1098,[224],[7],W12-3141,[89],[5],7/ 8,1/ 2,224/ 225,5/ 7,8/ 80,89/ 162,Method_Citation
C08-1098,[127],[5],W12-3144,[127],[2],5/ 8,7/ 87,127/ 225,2/ 6,113/ 126,127/ 192,Results_Citation
C08-1098,"[124, 224]","[5, 7]",W12-3402,[78],[4],6/ 8,2/ 2,174/ 225,4/ 8,16/ 51,78/ 202,Method_Citation
C08-1098,[224],[7],W13-2204,[35],[3],7/ 8,1/ 2,224/ 225,3/ 10,6/ 28,35/ 158,Method_Citation
C08-1098,[224],[7],W13-2210,[37],[4],7/ 8,1/ 2,224/ 225,4/ 10,4/ 20,37/ 139,Method_Citation
C08-1098,[54],[2],W13-2210,[85],[6],2/ 8,15/ 49,54/ 225,6/ 10,8/ 16,85/ 139,Method_Citation
C08-1098,[0],[0],W13-2211,[84],[2],0/ 8,1/ 3,1/ 225,2/ 6,73/ 93,84/ 120,Aim_Citation
C08-1098,[224],[7],W13-2228,[134],[6],7/ 8,1/ 2,224/ 225,6/ 9,14/ 56,134/ 192,Method_Citation
C08-1098,[224],[7],W13-2230,[35],[3],7/ 8,1/ 2,224/ 225,3/ 8,6/ 18,35/ 176,Method_Citation
C08-1098,[224],[7],W13-2230,[58],[4],7/ 8,1/ 2,224/ 225,4/ 8,11/ 34,58/ 176,Method_Citation
C08-1098,[224],[7],W13-2230,[83],[5],7/ 8,1/ 2,224/ 225,5/ 8,2/ 53,83/ 176,Method_Citation
C08-1098,"[1, 167]","[0, 5]",W13-2302,[87],[2],2/ 8,24/ 87,84/ 225,2/ 3,65/ 189,87/ 211,Method_Citation
C08-1098,"[1, 167]","[0, 5]",W13-2302,[87],[2],2/ 8,24/ 87,84/ 225,2/ 3,65/ 189,87/ 211,Results_Citation
C08-1098,[1],[0],W13-2708,[111],[3],0/ 8,1/ 3,1/ 225,3/ 8,54/ 65,111/ 221,Method_Citation
C10-1045,[270],[6],D12-1046,[39],[2],6/ 8,63/ 104,270/ 320,2/ 6,13/ 16,39/ 257,Method_Citation
C10-1045,[270],[6],J13-1007,[72],[1],6/ 8,63/ 104,270/ 320,1/ 13,72/ 61,72/ 761,Method_Citation
C10-1045,[275],[6],J13-1007,"[148, 149]","[2, 2]",6/ 8,68/ 104,275/ 320,2/ 13,74/ 179,148/ 761,Results_Citation
C10-1045,[270],[6],J13-1007,"[479, 480]","[7, 7]",6/ 8,63/ 104,270/ 320,7/ 13,16/ 57,480/ 761,Method_Citation
C10-1045,[6],[0],J13-1007,"[510, 511]","[7, 7]",0/ 8,6/ 6,6/ 320,7/ 13,48/ 57,510/ 761,Results_Citation
C10-1045,[24],[1],J13-1007,[670],[11],1/ 8,24/ 20,24/ 320,11/ 13,13/ 29,670/ 761,Method_Citation
C10-1045,"[24, 289, 308]","[1, 6, 6]",J13-1007,[672],[11],4/ 8,69/ 104,207/ 320,11/ 13,15/ 29,672/ 761,Results_Citation
C10-1045,[11],[1],J13-1008,[195],[3],1/ 8,11/ 20,11/ 320,3/ 11,12/ 22,195/ 910,Aim_Citation
C10-1045,"[21, 22, 53, 141]","[1, 1, 2, 5]",J13-1008,[196],[3],2/ 8,20/ 74,59/ 320,3/ 11,13/ 22,196/ 910,Results_Citation
C10-1045,"[21, 22, 53, 141]","[1, 1, 2, 5]",J13-1008,[196],[3],2/ 8,20/ 74,59/ 320,3/ 11,13/ 22,196/ 910,Method_Citation
C10-1045,[64],[2],J13-1008,[665],[8],2/ 8,38/ 46,64/ 320,8/ 11,131/ 333,665/ 910,Method_Citation
C10-1045,"[116, 117]","[4, 4]",J13-1009,[190],[3],4/ 8,4/ 21,116/ 320,3/ 11,29/ 58,190/ 738,Method_Citation
C10-1045,[128],[4],J13-1009,[193],[3],4/ 8,16/ 21,128/ 320,3/ 11,32/ 58,193/ 738,Results_Citation
C10-1045,[312],[7],J13-1009,[316],[5],7/ 8,1/ 9,312/ 320,5/ 11,36/ 104,316/ 738,Results_Citation
C10-1045,[301],[6],J13-1009,[397],[6],6/ 8,94/ 104,301/ 320,6/ 11,13/ 104,397/ 738,Results_Citation
C10-1045,[11],[1],J13-1009,[406],[6],1/ 8,11/ 20,11/ 320,6/ 11,22/ 104,406/ 738,Aim_Citation
C10-1045,[11],[1],P11-1159,[109],[4],1/ 8,11/ 20,11/ 320,4/ 10,36/ 42,109/ 250,Aim_Citation
C10-1045,[11],[1],P11-2037,[34],[2],1/ 8,11/ 20,11/ 320,2/ 11,12/ 19,34/ 128,Aim_Citation
C10-1045,[72],[2],P11-2122,[7],[1],2/ 8,46/ 46,72/ 320,1/ 7,7/ 8,7/ 124,Results_Citation
C10-1045,[21],[1],P11-2122,[73],[4],1/ 8,21/ 20,21/ 320,4/ 7,1/ 41,73/ 124,Results_Citation
C10-1045,[72],[2],P11-2122,[109],[4],2/ 8,46/ 46,72/ 320,4/ 7,37/ 41,109/ 124,Results_Citation
C10-1045,"[277, 279]","[6, 6]",P11-2124,[18],[1],6/ 8,71/ 104,278/ 320,1/ 8,18/ 18,18/ 138,Method_Citation
C10-1045,[0],[0],P12-1016,[196],[5],0/ 8,1/ 6,1/ 320,5/ 8,23/ 52,196/ 277,Aim_Citation
C10-1045,[24],[1],P12-2002,[12],[1],1/ 8,24/ 20,24/ 320,1/ 7,12/ 18,12/ 136,Method_Citation
C10-1045,[0],[0],P12-2002,"[34, 35]","[2, 2]",0/ 8,1/ 6,1/ 320,2/ 7,12/ 28,34/ 136,Aim_Citation
C10-1045,"[24, 277, 279]","[1, 6, 6]",P12-2002,"[38, 39]","[2, 2]",4/ 8,55/ 104,193/ 320,2/ 7,16/ 28,38/ 136,Method_Citation
C10-1045,[153],[5],W13-4904,[115],[5],5/ 8,20/ 74,153/ 320,5/ 8,46/ 78,115/ 271,Method_Citation
C10-1045,[301],[6],W13-4904,[234],[7],6/ 8,94/ 104,301/ 320,7/ 8,86/ 123,234/ 271,Results_Citation
C10-1045,[301],[6],W13-4904,[244],[7],6/ 8,94/ 104,301/ 320,7/ 8,96/ 123,244/ 271,Results_Citation
C10-1045,"[166, 167]","[5, 5]",W13-4917,[260],[4],5/ 8,34/ 74,166/ 320,4/ 10,60/ 290,260/ 811,Method_Citation
C10-1045,[154],[5],W13-4917,[262],[4],5/ 8,21/ 74,154/ 320,4/ 10,62/ 290,262/ 811,Method_Citation
C10-1045,[12],[1],W13-4917,[218],[4],1/ 8,12/ 20,12/ 320,4/ 10,18/ 290,218/ 811,Method_Citation
C90-2039,"[21, 22, 23]","[1, 1, 1]",P99-1061,[48],[2],1/ 7,22/ 52,22/ 210,2/ 4,28/ 169,48/ 197,Implication_Citation
C90-2039,"[205, 206]","[6, 6]",C90-3046,"[102, 103]","[3, 3]",6/ 7,4/ 9,206/ 210,3/ 5,68/ 177,102/ 213,Aim_Citation
C90-2039,[3],[0],P91-1031,[49],[2],0/ 7,3/ 4,3/ 210,2/ 5,9/ 55,49/ 251,Implication_Citation
C90-2039,"[186, 187, 188]","[5, 5, 5]",P91-1031,[62],[2],5/ 7,9/ 23,187/ 210,2/ 5,22/ 55,62/ 251,Method_Citation
C90-2039,"[39, 40, 78]","[1, 1, 2]",E93-1008,[49],[2],1/ 7,34/ 26,52/ 210,2/ 4,29/ 41,49/ 182,Method_Citation
C90-2039,"[23, 205]","[1, 6]",C92-2068,[21],[1],4/ 7,14/ 9,114/ 210,1/ 3,21/ 18,21/ 233,Method_Citation
C90-2039,[205],[6],P91-1041,[16],[1],6/ 7,4/ 9,205/ 210,1/ 7,16/ 57,16/ 239,Implication_Citation
C90-2039,"[11, 14]","[1, 1]",P91-1041,[230],[5],1/ 7,12/ 52,12/ 210,5/ 7,9/ 14,230/ 239,Results_Citation
C90-2039,"[203, 22, 23, 24]","[6, 1, 1, 1]",C94-2143,[56],[3],2/ 7,18/ 52,68/ 210,3/ 6,11/ 81,56/ 215,Method_Citation
C90-2039,"[22, 23, 24]","[1, 1, 1]",C94-2143,[69],[3],1/ 7,23/ 52,23/ 210,3/ 6,24/ 81,69/ 215,Method_Citation
C90-2039,"[23, 24]","[1, 1]",P91-1042,[37],[1],1/ 7,24/ 52,24/ 210,1/ 2,37/ 135,37/ 140,Implication_Citation
C90-2039,"[23, 141, 142]","[1, 4, 4]",P91-1042,"[116, 117, 118, 124]","[1, 1, 1, 1]",3/ 7,9/ 39,102/ 210,1/ 2,119/ 135,119/ 140,Aim_Citation
C90-2039,[24],[1],W97-1503,[136],[1],1/ 7,24/ 52,24/ 210,1/ 2,136/ 201,136/ 206,Method_Citation
C94-2154,[67],[2],E95-1024,[113],[1],2/ 5,51/ 66,67/ 117,1/ 2,113/ 150,113/ 153,Method_Citation
C94-2154,"[67, 68, 69, 70, 83, 84]","[2, 2, 2, 2, 3, 3]",C94-2204,"[119, 120, 121, 122, 123, 124]","[5, 5, 5, 5, 5, 5]",2/ 5,36/ 21,74/ 117,5/ 6,20/ 22,122/ 124,Method_Citation
C94-2154,[14],[1],W97-1506,[7],[1],1/ 5,14/ 14,14/ 117,1/ 6,7/ 34,7/ 165,Hypothesis_Citation
C94-2154,"[70, 72, 73]","[2, 2, 2]",C96-1076,"[61, 62, 63, 64]","[1, 1, 1, 1]",2/ 5,56/ 66,72/ 117,1/ 2,62/ 158,62/ 163,Method_Citation
C98-1097,[45],[2],C02-1033,[15],[1],2/ 6,1/ 17,45/ 130,1/ 5,15/ 15,15/ 162,Method_Citation
C98-1097,[115],[5],C02-1033,[136],[4],5/ 6,23/ 38,115/ 130,4/ 5,91/ 117,136/ 162,Method_Citation
C98-1097,[45],[2],ICDAR99,"[31, 32]","[2, 2]",2/ 6,1/ 17,45/ 130,2/ 13,2/ 18,32/ 184,Method_Citation
C98-1097,[45],[2],P07-1061,[17],[1],2/ 6,1/ 17,45/ 130,1/ 8,17/ 16,17/ 216,Method_Citation
C98-1097,"[20, 45]","[1, 2]",P07-1061,"[30, 31, 32]","[2, 2, 2]",2/ 6,10/ 17,32/ 130,2/ 8,10/ 20,31/ 216,Method_Citation
C98-1097,"[41, 47, 50]","[1, 2, 2]",P07-1061,"[89, 90]","[4, 4]",2/ 6,17/ 17,46/ 130,4/ 8,6/ 40,90/ 216,Method_Citation
C98-1097,"[123, 124, 125]","[5, 5, 5]",P07-1061,"[97, 98]","[4, 4]",5/ 6,32/ 38,124/ 130,4/ 8,14/ 40,98/ 216,Method_Citation
C98-1097,[45],[2],P07-1061,"[203, 204]","[6, 6]",2/ 6,1/ 17,45/ 130,6/ 8,22/ 26,204/ 216,Method_Citation
C98-1097,[62],[3],P07-1061,[216],[7],3/ 6,1/ 14,62/ 130,7/ 8,8/ 8,216/ 216,Method_Citation
C98-1097,[45],[2],P04470,[27],[2],2/ 6,1/ 17,45/ 130,2/ 5,4/ 40,27/ 114,Method_Citation
C98-1097,"[7, 8]","[1, 1]",P06128,[10],[1],1/ 6,8/ 39,8/ 130,1/ 2,10/ 185,10/ 191,Method_Citation
C98-1097,"[36, 37]","[1, 1]",S0885,"[109, 110]","[3, 3]",1/ 6,36/ 39,36/ 130,3/ 8,28/ 71,110/ 407,Method_Citation
D09-1023,[17],[1],D09-1086,[78],[2],1/ 9,17/ 27,17/ 263,2/ 8,14/ 41,78/ 294,Method_Citation
D09-1023,[17],[1],D11-1044,[1],[0],1/ 9,17/ 27,17/ 263,0/ 11,1/ 6,1/ 291,Method_Citation
D09-1023,[17],[1],D11-1044,[16],[1],1/ 9,17/ 27,17/ 263,1/ 11,16/ 16,16/ 291,Result_Citation
D09-1023,[17],[1],D11-1044,[23],[2],1/ 9,17/ 27,17/ 263,2/ 11,1/ 2,23/ 291,Method_Citation
D09-1023,[17],[1],D11-1044,[41],[3],1/ 9,17/ 27,17/ 263,3/ 11,17/ 47,41/ 291,Method_Citation
D09-1023,[260],[7],D11-1044,[146],[5],7/ 9,2/ 3,260/ 263,5/ 11,6/ 44,146/ 291,Method_Citation
D09-1023,[204],[6],Pjournal,[79],[3],6/ 9,14/ 68,204/ 263,3/ 9,18/ 120,79/ 878,Method_Citation
D09-1023,[1],[0],Pjournal,[139],[3],0/ 9,1/ 5,1/ 263,3/ 9,78/ 120,139/ 878,Method_Citation
D09-1023,[123],[4],Pproc_d09,[205],[8],4/ 9,26/ 42,123/ 263,8/ 10,24/ 26,205/ 226,Method_Citation
D09-1023,[11],[1],W10-1730-parscit,[17],[1],1/ 9,11/ 27,11/ 263,1/ 8,17/ 19,17/ 103,Method_Citation
D09-1023,[254],[6],W11-2139,[37],[3],6/ 9,64/ 68,254/ 263,3/ 10,3/ 41,37/ 127,Result_Citation
D09-1023,[191],[6],N10-1040,[6],[1],6/ 9,1/ 68,191/ 263,1/ 8,6/ 8,6/ 102,Method_Citation
D10-1058,"[3, 4, 6]","[0, 0, 0]",C16-1060,[48],[2],0/ 8,4/ 6,4/ 202,2/ 6,27/ 48,48/ 136,Method_Citation
D10-1058,"[18, 26, 33, 34]","[1, 1, 1, 1]",P13-2002,[24],[1],1/ 8,28/ 42,28/ 202,1/ 6,24/ 23,24/ 107,Method_Citation
D10-1058,"[6, 46]","[0, 1]",P13-2002,[33],[2],0/ 8,26/ 42,26/ 202,2/ 6,4/ 50,33/ 107,Method_Citation
D10-1058,[86],[3],P13-2002,[43],[2],3/ 8,1/ 19,86/ 202,2/ 6,14/ 50,43/ 107,Method_Citation
D10-1058,"[88, 90]","[3, 3]",P13-2002,[82],[3],3/ 8,4/ 19,89/ 202,3/ 6,3/ 13,82/ 107,Method_Citation
D10-1058,[110],[5],P13-2002,[99],[4],5/ 8,4/ 48,110/ 202,4/ 6,7/ 8,99/ 107,Method_Citation
D10-1058,"[113, 114, 115]","[5, 5, 5]",P59105ca,[45],[1],5/ 8,8/ 48,114/ 202,1/ 3,45/ 337,45/ 346,Method_Citation
D10-1058,"[14, 26, 27]","[1, 1, 1]",P87-94,[79],[6],1/ 8,22/ 42,22/ 202,6/ 8,2/ 19,79/ 99,Method_Citation
D10-1058,"[29, 30]","[1, 1]",Pbulletin,"[103, 104]","[3, 3]",1/ 8,30/ 42,30/ 202,3/ 10,24/ 39,104/ 266,Method_Citation
D10-1058,"[29, 30, 107, 108]","[1, 1, 5, 5]",Pbulletin,[131],[4],3/ 8,16/ 48,68/ 202,4/ 10,13/ 19,131/ 266,Method_Citation
D10-1058,[3],[0],Pcoling_D10,[232],[6],0/ 8,3/ 6,3/ 202,6/ 9,9/ 19,232/ 255,Method_Citation
D10-1058,"[3, 46]","[0, 1]",Pproc_D10,[24],[1],0/ 8,24/ 42,24/ 202,1/ 6,24/ 23,24/ 112,Method_Citation
D10-1058,[86],[3],Pproc_D10,[38],[2],3/ 8,1/ 19,86/ 202,2/ 6,9/ 54,38/ 112,Method_Citation
D10-1058,"[6, 46]","[0, 1]",Pproc_D10,[39],[2],0/ 8,26/ 42,26/ 202,2/ 6,10/ 54,39/ 112,Method_Citation
D10-1058,"[88, 90]","[3, 3]",Pproc_D10,[86],[3],3/ 8,4/ 19,89/ 202,3/ 6,3/ 14,86/ 112,Method_Citation
D10-1058,[110],[5],Pproc_D10,[104],[4],5/ 8,4/ 48,110/ 202,4/ 6,7/ 8,104/ 112,Method_Citation
D10-1058,"[3, 4, 5, 6]","[0, 0, 0, 0]",Q13-1024,[60],[3],0/ 8,4/ 6,4/ 202,3/ 9,3/ 51,60/ 234,Method_Citation
D10-1058,[46],[1],Q13-1024,[130],[4],1/ 8,46/ 42,46/ 202,4/ 9,22/ 33,130/ 234,Method_Citation
D10-1083,[99],[4],D11-1056,"[263, 264]","[6, 6]",4/ 11,4/ 14,99/ 247,6/ 8,44/ 121,264/ 341,Results_Citation
D10-1083,[22],[1],D11-1059,"[10, 11]","[1, 1]",1/ 11,22/ 25,22/ 247,1/ 9,10/ 29,10/ 212,Results_Citation
D10-1083,[239],[9],D11-1059,"[16, 17]","[1, 1]",9/ 11,100/ 104,239/ 247,1/ 9,16/ 29,16/ 212,Method_Citation
D10-1083,[52],[3],D11-1059,[32],[1],3/ 11,1/ 44,52/ 247,1/ 9,32/ 29,32/ 212,Method_Citation
D10-1083,[112],[5],D11-1059,"[90, 91]","[2, 2]",5/ 11,3/ 15,112/ 247,2/ 9,58/ 61,90/ 212,Method_Citation
D10-1083,[6],[0],D11-1059,"[129, 130]","[3, 3]",0/ 11,6/ 7,6/ 247,3/ 9,36/ 55,130/ 212,Results_Citation
D10-1083,[9],[1],D12-1086,[74],[2],1/ 11,9/ 25,9/ 247,2/ 8,33/ 61,74/ 239,Results_Citation
D10-1083,[52],[3],D12-1125,[213],[6],3/ 11,1/ 44,52/ 247,6/ 9,29/ 30,213/ 283,Method_Citation
D10-1083,[52],[3],D12-1127,[13],[1],3/ 11,1/ 44,52/ 247,1/ 8,13/ 21,13/ 209,Method_Citation
D10-1083,[243],[9],D13-1004,[27],[1],9/ 11,104/ 104,243/ 247,1/ 7,27/ 40,27/ 239,Method_Citation
D10-1083,[243],[9],N12-1045,[14],[1],9/ 11,104/ 104,243/ 247,1/ 9,14/ 18,14/ 280,Aim_Citation
D10-1083,"[27, 85, 97]","[1, 3, 4]",P11-1087,"[40, 41, 42, 43]","[2, 2, 2, 2]",3/ 11,21/ 14,70/ 247,2/ 6,22/ 28,42/ 184,Method_Citation
D10-1083,[155],[9],P11-1087,"[152, 153, 154]","[4, 4, 4]",9/ 11,16/ 104,155/ 247,4/ 6,34/ 53,153/ 184,Results_Citation
D10-1083,[236],[9],P13-1150,[55],[2],9/ 11,97/ 104,236/ 247,2/ 8,27/ 27,55/ 209,Method_Citation
D10-1083,"[20, 21]","[1, 1]",W11-0301,[102],[3],1/ 11,20/ 25,20/ 247,3/ 9,55/ 72,102/ 216,Method_Citation
D10-1083,[236],[9],W12-1914,"[7, 8]","[1, 1]",9/ 11,97/ 104,236/ 247,1/ 3,8/ 18,8/ 87,Aim_Citation
D10-1083,[236],[9],W12-1914,"[7, 8]","[1, 1]",9/ 11,97/ 104,236/ 247,1/ 3,8/ 18,8/ 87,Method_Citation
E03-1020,[37],[3],W11-1104,[12],[1],3/ 7,10/ 17,37/ 98,1/ 6,12/ 13,12/ 102,Method_Citation
E03-1020,"[20, 37]","[2, 3]",S13-2038,"[18, 19]","[2, 2]",2/ 7,6/ 17,28/ 98,2/ 5,2/ 12,18/ 81,Method_Citation
E03-1020,[20],[2],P04-1080,"[199, 200, 201]","[4, 4, 4]",2/ 7,3/ 10,20/ 98,4/ 6,10/ 11,200/ 209,Method_Citation
E03-1020,[20],[2],D10-1073,"[35, 36, 37]","[2, 2, 2]",2/ 7,3/ 10,20/ 98,2/ 9,17/ 29,36/ 244,Method_Citation
E03-1020,[37],[3],C04-1194,[21],[1],3/ 7,10/ 17,37/ 98,1/ 9,21/ 18,21/ 172,Method_Citation
E03-1020,"[2, 3]","[0, 0]",C04-1194,[27],[2],0/ 7,2/ 5,2/ 98,2/ 9,5/ 8,27/ 172,Method_Citation
E03-1020,[93],[6],C04-1194,[157],[7],6/ 7,7/ 12,93/ 98,7/ 9,1/ 10,157/ 172,Results_Citation
E03-1020,[20],[2],C04-1194,[160],[7],2/ 7,3/ 10,20/ 98,7/ 9,4/ 10,160/ 172,Method_Citation
E03-1020,[19],[2],C04-1194,[165],[7],2/ 7,2/ 10,19/ 98,7/ 9,9/ 10,165/ 172,Method_Citation
E03-1020,[37],[3],N07-3010,[73],[3],3/ 7,10/ 17,37/ 98,3/ 5,32/ 34,73/ 87,Method_Citation
E03-1020,[72],[4],W11-2214,[10],[1],4/ 7,28/ 33,72/ 98,1/ 7,10/ 19,10/ 219,Method_Citation
E03-1020,[90],[6],W11-2214,[80],[3],6/ 7,4/ 12,90/ 98,3/ 7,10/ 19,80/ 219,Implication_Citation
E03-1020,"[37, 2, 3]","[3, 0, 0]",W06-3812,"[176, 178]","[4, 4]",1/ 7,5/ 5,14/ 98,4/ 6,51/ 64,177/ 200,Method_Citation
E09-2008,[5],[1],N13-1140,[161],[6],1/ 8,5/ 13,5/ 62,6/ 9,4/ 19,161/ 183,Method_Citation
E09-2008,[6],[1],W11-2605,[73],[4],1/ 8,6/ 13,6/ 62,4/ 9,11/ 67,73/ 196,Method_Citation
E09-2008,[9],[1],W12-1003,[43],[3],1/ 8,9/ 13,9/ 62,3/ 7,15/ 42,43/ 85,Method_Citation
E09-2008,[48],[6],W12-6202,[124],[4],6/ 8,1/ 5,48/ 62,4/ 7,44/ 82,124/ 196,Method_Citation
E09-2008,[9],[1],W12-6211,[49],[3],1/ 8,9/ 13,9/ 62,3/ 5,22/ 86,49/ 115,Method_Citation
E09-2008,[3],[0],W12-6212,[22],[1],0/ 8,3/ 4,3/ 62,1/ 4,22/ 25,22/ 82,Method_Citation
E09-2008,[3],[0],W12-6212,[80],[3],0/ 8,3/ 4,3/ 62,3/ 4,43/ 45,80/ 82,Method_Citation
E09-2008,[15],[1],W12-6213,[77],[5],1/ 8,15/ 13,15/ 62,5/ 6,46/ 57,77/ 88,Method_Citation
H05-1115,[36],[2],P09-1083,[60],[3],2/ 9,1/ 8,36/ 189,3/ 7,6/ 64,60/ 212,Aim_Citation
H05-1115,[56],[3],P09-1083,[85],[3],3/ 9,13/ 20,56/ 189,3/ 7,31/ 64,85/ 212,Method_Citation
H05-1115,[36],[2],P09-1083,[43],[2],2/ 9,1/ 8,36/ 189,2/ 7,9/ 20,43/ 212,Aim_Citation
H05-1115,[36],[2],N06-1027,[41],[2],2/ 9,1/ 8,36/ 189,2/ 5,7/ 21,41/ 136,Aim_Citation
H05-1115,[36],[2],C08-1062,[83],[1],2/ 9,1/ 8,36/ 189,1/ 2,83/ 123,83/ 123,Aim_Citation
H05-1115,[56],[3],C10-2049,[113],[4],3/ 9,13/ 20,56/ 189,4/ 8,31/ 72,113/ 218,Method_Citation
H05-1115,[36],[2],D08-1032,"[24, 25]","[2, 2]",2/ 9,1/ 8,36/ 189,2/ 3,4/ 186,24/ 207,Aim_Citation
H05-1115,"[36, 40, 41, 46, 47, 48, 49]","[2, 2, 2, 3, 3, 3, 3]",D08-1032,[94],[2],3/ 9,4/ 20,44/ 189,2/ 3,73/ 186,94/ 207,Method_Citation
H05-1115,[36],[2],P08-2003,[11],[1],2/ 9,1/ 8,36/ 189,1/ 7,11/ 12,11/ 76,Aim_Citation
H05-1115,[36],[2],P08-2003,[22],[2],2/ 9,1/ 8,36/ 189,2/ 7,5/ 7,22/ 76,Aim_Citation
H05-1115,[36],[2],P10-2055,"[104, 108]","[4, 4]",2/ 9,1/ 8,36/ 189,4/ 7,38/ 50,106/ 123,Aim_Citation
H89-2014,[27],[1],W93-0111,[178],[1],1/ 3,27/ 142,27/ 151,1/ 2,178/ 203,178/ 212,Method_Citation
H89-2014,"[124, 125]","[1, 1]",A92-1018,[47],[1],1/ 3,124/ 142,124/ 151,1/ 3,47/ 223,47/ 246,Method_Citation
H89-2014,"[87, 88, 89]","[1, 1, 1]",A92-1018,[108],[1],1/ 3,88/ 142,88/ 151,1/ 3,108/ 223,108/ 246,Method_Citation
H89-2014,[1],[0],J93-2006,"[40, 41]","[1, 1]",0/ 3,1/ 6,1/ 151,1/ 7,40/ 47,40/ 452,Aim_Citation
H89-2014,"[88, 90]","[1, 1]",H91-1046,[21],[1],1/ 3,89/ 142,89/ 151,1/ 3,21/ 126,21/ 132,Method_Citation
H89-2014,"[29, 30]","[1, 1]",H91-1046,[60],[1],1/ 3,30/ 142,30/ 151,1/ 3,60/ 126,60/ 132,Method_Citation
H89-2014,"[69, 70]","[1, 1]",C00-1081,[85],[2],1/ 3,70/ 142,70/ 151,2/ 7,55/ 79,85/ 192,Method_Citation
H89-2014,[2],[0],H92-1022,[18],[1],0/ 3,2/ 6,2/ 151,1/ 12,18/ 22,18/ 185,Implication_Citation
H89-2014,[145],[1],H92-1022,[9],[1],1/ 3,145/ 142,145/ 151,1/ 12,9/ 22,9/ 185,Method_Citation
H89-2014,"[29, 30]","[1, 1]",C92-1060,[124],[4],1/ 3,30/ 142,30/ 151,4/ 5,19/ 32,124/ 137,Method_Citation
I05-5011,[204],[6],C08-1107,"[18, 19]","[1, 1]",6/ 8,1/ 6,204/ 212,1/ 8,18/ 26,18/ 212,Method_Citation
I05-5011,"[13, 15, 22]","[1, 1, 1]",C10-2017,[12],[1],1/ 8,17/ 17,17/ 212,1/ 6,12/ 36,12/ 215,Implication_Citation
I05-5011,"[13, 15, 22]","[1, 1, 1]",C10-2017,[12],[1],1/ 8,17/ 17,17/ 212,1/ 6,12/ 36,12/ 215,Method_Citation
I05-5011,[22],[1],D12-1094,[70],[2],1/ 8,22/ 17,22/ 212,2/ 8,25/ 30,70/ 351,Method_Citation
I05-5011,"[22, 40]","[1, 2]",E09-1025,[27],[2],2/ 8,19/ 55,31/ 212,2/ 9,1/ 49,27/ 213,Method_Citation
I05-5011,"[40, 41]","[2, 2]",I08-1070,[53],[2],2/ 8,16/ 55,40/ 212,2/ 9,24/ 35,53/ 218,Method_Citation
I05-5011,"[110, 167]","[3, 4]",J10-3003,[429],[3],4/ 8,22/ 20,138/ 212,3/ 8,302/ 500,429/ 776,Method_Citation
I05-5011,"[29, 30]","[2, 2]",P06-2094,[65],[3],2/ 8,6/ 55,30/ 212,3/ 9,24/ 64,65/ 198,Method_Citation
I05-5011,[38],[2],P07-1058,[49],[2],2/ 8,14/ 55,38/ 212,2/ 9,13/ 42,49/ 207,Method_Citation
I05-5011,[38],[2],P07-1058,[57],[2],2/ 8,14/ 55,38/ 212,2/ 9,21/ 42,57/ 207,Method_Citation
I05-5011,"[18, 20]","[1, 1]",P07-1058,[67],[2],1/ 8,19/ 17,19/ 212,2/ 9,31/ 42,67/ 207,Implication_Citation
I05-5011,"[22, 23]","[1, 1]",P09-2063,[11],[1],1/ 8,22/ 17,22/ 212,1/ 7,11/ 24,11/ 130,Aim_Citation
I05-5011,"[22, 23]","[1, 1]",P09-2063,[11],[1],1/ 8,22/ 17,22/ 212,1/ 7,11/ 24,11/ 130,Method_Citation
I05-5011,[197],[5],P11-1109,[218],[4],5/ 8,24/ 30,197/ 212,4/ 7,82/ 115,218/ 272,Implication_Citation
I05-5011,[164],[4],P12-2031,[9],[1],4/ 8,11/ 20,164/ 212,1/ 7,9/ 32,9/ 118,Implication_Citation
I05-5011,[18],[1],P12-2031,[20],[1],1/ 8,18/ 17,18/ 212,1/ 7,20/ 32,20/ 118,Implication_Citation
I05-5011,"[62, 65]","[2, 2]",P13-1131,[134],[4],2/ 8,40/ 55,64/ 212,4/ 8,15/ 35,134/ 217,Method_Citation
I05-5011,"[32, 33]","[2, 2]",W12-4006,"[14, 15]","[1, 1]",2/ 8,8/ 55,32/ 212,1/ 8,14/ 26,14/ 186,Method_Citation
I05-5011,"[22, 23]","[1, 1]",W12-4006,[41],[2],1/ 8,22/ 17,22/ 212,2/ 8,11/ 29,41/ 186,Method_Citation
J00-3003,"[214, 358, 392, 394]","[3, 5, 5, 5]",W13-4047,"[13, 14]","[2, 2]",4/ 11,94/ 140,340/ 585,2/ 7,2/ 28,14/ 115,Method_Citation
J00-3003,"[68, 71]","[1, 1]",W12-1634,[12],[1],1/ 11,70/ 60,70/ 585,1/ 9,12/ 35,12/ 249,Aim_Citation
J00-3003,"[188, 192]","[3, 3]",W12-1634,[18],[1],3/ 11,13/ 54,190/ 585,1/ 9,18/ 35,18/ 249,Method_Citation
J00-3003,"[64, 68]","[1, 1]",W10-1012,[185],[6],1/ 11,66/ 60,66/ 585,6/ 9,6/ 19,185/ 211,Aim_Citation
J00-3003,"[155, 156]","[2, 2]",W13-4011,"[1, 2]","[1, 1]",2/ 11,76/ 97,156/ 585,1/ 7,2/ 15,2/ 81,Method_Citation
J00-3003,[38],[1],W01-1627,[18],[2],1/ 11,38/ 60,38/ 585,2/ 8,2/ 13,18/ 104,Method_Citation
J00-3003,"[21, 22, 27]","[1, 1, 1]",N13-1099,"[17, 18]","[2, 2]",1/ 11,23/ 60,23/ 585,2/ 8,2/ 8,18/ 136,Method_Citation
J00-3003,"[64, 67, 81]","[1, 1, 2]",H01-1001,"[95, 96]","[3, 3]",1/ 11,44/ 97,71/ 585,3/ 7,14/ 53,96/ 177,Aim_Citation
J00-3003,"[66, 214, 215]","[1, 3, 3]",N06-2021,"[64, 65, 66]","[3, 3, 3]",2/ 11,47/ 54,165/ 585,3/ 7,19/ 31,65/ 139,Aim_Citation
J00-3003,"[32, 33]","[1, 1]",W12-1616,[6],[1],1/ 11,32/ 60,32/ 585,1/ 10,6/ 23,6/ 203,Method_Citation
J96-3004,"[89, 90, 91]","[3, 3, 3]",A00-2032,"[141, 142]","[5, 5]",3/ 9,28/ 74,90/ 477,5/ 8,10/ 19,142/ 156,Method_Citation
J96-3004,"[297, 298]","[5, 5]",C00-2095,[80],[2],5/ 9,6/ 106,298/ 477,2/ 4,25/ 37,80/ 163,Implication_Citation
J96-3004,"[108, 109, 112]","[3, 3, 3]",C02-1049,[58],[6],3/ 9,48/ 74,110/ 477,6/ 8,39/ 186,58/ 214,Method_Citation
J96-3004,"[92, 93]","[3, 3]",C02-1049,"[124, 127]","[6, 6]",3/ 9,30/ 74,92/ 477,6/ 8,106/ 186,126/ 214,Method_Citation
J96-3004,[51],[2],C02-1080,"[20, 21]","[1, 1]",2/ 9,12/ 23,51/ 477,1/ 7,20/ 29,20/ 222,Method_Citation
J96-3004,[108],[3],C02-1143,[107],[3],3/ 9,46/ 74,108/ 477,3/ 6,48/ 59,107/ 131,Method_Citation
J96-3004,"[297, 325]","[5, 5]",E09-1063,[107],[5],5/ 9,20/ 106,311/ 477,5/ 10,4/ 20,107/ 221,Implication_Citation
J96-3004,"[297, 325]","[5, 5]",E09-1063,[107],[5],5/ 9,20/ 106,311/ 477,5/ 10,4/ 20,107/ 221,Results_Citation
J96-3004,"[2, 33]","[1, 1]",I05-3031,"[6, 7]","[1, 1]",1/ 9,18/ 39,18/ 477,1/ 6,6/ 9,6/ 110,Method_Citation
J96-3004,"[297, 325]","[5, 5]",J00-3004,[42],[1],5/ 9,20/ 106,311/ 477,1/ 9,42/ 49,42/ 409,Results_Citation
J96-3004,[399],[6],J00-3004,"[96, 97]","[2, 2]",6/ 9,2/ 57,399/ 477,2/ 9,42/ 44,96/ 409,Method_Citation
J96-3004,[89],[3],J04-1004,[53],[1],3/ 9,27/ 74,89/ 477,1/ 8,53/ 74,53/ 421,Results_Citation
J96-3004,[108],[3],J04-1004,[113],[3],3/ 9,46/ 74,108/ 477,3/ 8,9/ 75,113/ 421,Method_Citation
J96-3004,[133],[3],J04-1004,[211],[4],3/ 9,71/ 74,133/ 477,4/ 8,32/ 135,211/ 421,Implication_Citation
J96-3004,[297],[5],J04-1004,[321],[5],5/ 9,6/ 106,297/ 477,5/ 8,7/ 92,321/ 421,Implication_Citation
J96-3004,[398],[6],J05-4005,"[88, 89]","[2, 2]",6/ 9,1/ 57,398/ 477,2/ 11,24/ 77,88/ 925,Method_Citation
J96-3004,[325],[5],J05-4005,"[125, 126]","[2, 2]",5/ 9,34/ 106,325/ 477,2/ 11,62/ 77,126/ 925,Results_Citation
J96-3004,[325],[5],J05-4005,"[131, 132]","[2, 2]",5/ 9,34/ 106,325/ 477,2/ 11,68/ 77,132/ 925,Results_Citation
J96-3004,[399],[6],J05-4005,"[489, 490]","[5, 5]",6/ 9,2/ 57,399/ 477,5/ 11,154/ 317,490/ 925,Method_Citation
J96-3004,[325],[5],J11-1005,[123],[3],5/ 9,34/ 106,325/ 477,3/ 10,14/ 294,123/ 1113,Results_Citation
J96-3004,"[296, 297]","[5, 5]",J11-3001,[326],[3],5/ 9,6/ 106,296/ 477,3/ 7,279/ 376,326/ 598,Implication_Citation
J96-3004,"[21, 33]","[1, 1]",J97-4004,[9],[1],1/ 9,27/ 39,27/ 477,1/ 10,9/ 31,9/ 650,Method_Citation
J96-3004,[138],[4],J97-4004,"[612, 613]","[7, 7]",4/ 9,2/ 155,138/ 477,7/ 10,54/ 71,612/ 650,Method_Citation
J96-3004,[108],[3],J97-4004,"[621, 622]","[7, 7]",3/ 9,46/ 74,108/ 477,7/ 10,64/ 71,622/ 650,Method_Citation
J96-3004,[138],[4],N10-1068,[6],[1],4/ 9,2/ 155,138/ 477,1/ 8,6/ 22,6/ 228,Method_Citation
J96-3004,[138],[4],P03-1035,"[41, 42]","[2, 2]",4/ 9,2/ 155,138/ 477,2/ 9,18/ 22,42/ 262,Method_Citation
J96-3004,"[419, 420]","[6, 6]",P03-1035,[122],[5],6/ 9,22/ 57,420/ 477,5/ 9,27/ 68,122/ 262,Method_Citation
J96-3004,[281],[4],P03-1035,"[154, 155]","[5, 5]",4/ 9,145/ 155,281/ 477,5/ 9,60/ 68,154/ 262,Method_Citation
J96-3004,"[283, 284]","[4, 4]",P06-1010,"[42, 43]","[3, 3]",4/ 9,148/ 155,284/ 477,3/ 4,10/ 165,42/ 197,Method_Citation
J96-3004,[88],[3],P06-1126,[7],[1],3/ 9,26/ 74,88/ 477,1/ 10,7/ 34,7/ 260,Aim_Citation
J96-3004,"[283, 284]","[4, 4]",P07-1015,[113],[4],4/ 9,148/ 155,284/ 477,4/ 7,21/ 28,113/ 205,Method_Citation
J96-3004,[284],[4],P07-1016,[70],[3],4/ 9,148/ 155,284/ 477,3/ 7,42/ 57,70/ 265,Method_Citation
J96-3004,[54],[2],P12-1110,[105],[3],2/ 9,15/ 23,54/ 477,3/ 4,53/ 184,105/ 236,Method_Citation
J96-3004,"[108, 109]","[3, 3]",P12-1111,[91],[3],3/ 9,46/ 74,108/ 477,3/ 7,31/ 59,91/ 249,Method_Citation
J96-3004,"[87, 88]","[3, 3]",P97-1041,[12],[1],3/ 9,26/ 74,88/ 477,1/ 5,12/ 30,12/ 183,Method_Citation
J96-3004,"[419, 420]","[6, 6]",P98-1076,"[144, 145]","[6, 6]",6/ 9,22/ 57,420/ 477,6/ 9,12/ 14,144/ 171,Implication_Citation
J96-3004,[419],[6],P98-1076,"[149, 150]","[7, 7]",6/ 9,22/ 57,419/ 477,7/ 9,2/ 21,150/ 171,Method_Citation
J96-3004,[356],[5],P99-1036,"[5, 6]","[1, 1]",5/ 9,65/ 106,356/ 477,1/ 7,6/ 14,6/ 222,Results_Citation
J96-3004,"[415, 416, 417]","[6, 6, 6]",P99-1036,[8],[1],6/ 9,19/ 57,416/ 477,1/ 7,8/ 14,8/ 222,Implication_Citation
J96-3004,"[398, 399]","[6, 6]",P99-1036,[10],[1],6/ 9,2/ 57,398/ 477,1/ 7,10/ 14,10/ 222,Method_Citation
J96-3004,[128],[3],P99-1036,[178],[4],3/ 9,66/ 74,128/ 477,4/ 7,108/ 135,178/ 222,Method_Citation
J96-3004,[116],[3],W00-0803,[29],[1],3/ 9,54/ 74,116/ 477,1/ 7,29/ 62,29/ 201,Method_Citation
J96-3004,"[415, 417]","[6, 6]",W00-1207,[10],[1],6/ 9,19/ 57,416/ 477,1/ 5,10/ 18,10/ 153,Implication_Citation
J96-3004,"[20, 33]","[1, 1]",W01-0513,"[40, 41]","[2, 2]",1/ 9,26/ 39,26/ 477,2/ 5,12/ 29,40/ 222,Implication_Citation
J96-3004,"[108, 109]","[3, 3]",W02-1117,[13],[1],3/ 9,46/ 74,108/ 477,1/ 8,13/ 13,13/ 63,Method_Citation
J96-3004,"[65, 168, 169, 170]","[3, 4, 4, 4]",W02-1808,[5],[1],4/ 9,26/ 155,143/ 477,1/ 7,5/ 5,5/ 26,Method_Citation
J96-3004,[325],[5],W03-1025,[17],[1],5/ 9,34/ 106,325/ 477,1/ 8,17/ 24,17/ 206,Results_Citation
J96-3004,"[0, 325]","[1, 5]",W03-1025,[180],[5],3/ 9,18/ 106,163/ 477,5/ 8,4/ 21,180/ 206,Results_Citation
J96-3004,"[138, 149, 150]","[4, 4, 4]",W03-1025,"[186, 187]","[5, 5]",4/ 9,10/ 155,146/ 477,5/ 8,10/ 21,186/ 206,Method_Citation
J96-3004,[65],[3],W03-1728,[3],[1],3/ 9,3/ 74,65/ 477,1/ 5,3/ 21,3/ 86,Method_Citation
J96-3004,[419],[6],W05-0709,[83],[3],6/ 9,22/ 57,419/ 477,3/ 9,9/ 28,83/ 257,Method_Citation
J96-3004,[284],[4],W06-1630,[118],[4],4/ 9,148/ 155,284/ 477,4/ 5,13/ 72,118/ 177,Method_Citation
J96-3004,[305],[5],W10-3212,[16],[2],5/ 9,14/ 106,305/ 477,2/ 6,2/ 20,16/ 140,Method_Citation
J96-3004,[325],[5],W10-3708,[16],[1],5/ 9,34/ 106,325/ 477,1/ 8,16/ 30,16/ 217,Results_Citation
J96-3004,"[92, 93, 103]","[3, 3, 3]",W11-0823,[174],[9],3/ 9,34/ 74,96/ 477,9/ 10,7/ 64,174/ 231,Method_Citation
J96-3004,[325],[5],W12-1011,[41],[3],5/ 9,34/ 106,325/ 477,3/ 8,5/ 61,41/ 237,Results_Citation
J96-3004,[325],[5],W12-1011,[204],[6],5/ 9,34/ 106,325/ 477,6/ 8,9/ 40,204/ 237,Results_Citation
J96-3004,[158],[4],W12-2303,"[11, 12]","[1, 1]",4/ 9,22/ 155,158/ 477,1/ 7,12/ 24,12/ 183,Method_Citation
J96-3004,"[398, 399]","[6, 6]",W12-2303,"[155, 156, 157]","[4, 4, 4]",6/ 9,2/ 57,398/ 477,4/ 7,31/ 40,156/ 183,Implication_Citation
J96-3004,"[67, 68, 69]","[3, 3, 3]",W97-0120,[26],[1],3/ 9,6/ 74,68/ 477,1/ 7,26/ 28,26/ 288,Method_Citation
J96-3004,"[108, 109]","[3, 3]",W97-0120,[69],[3],3/ 9,46/ 74,108/ 477,3/ 7,5/ 24,69/ 288,Method_Citation
J96-3004,"[190, 191]","[4, 4]",W97-0120,[73],[3],4/ 9,54/ 155,190/ 477,3/ 7,9/ 24,73/ 288,Method_Citation
J96-3004,"[108, 109]","[3, 3]",W97-0120,[86],[3],3/ 9,46/ 74,108/ 477,3/ 7,22/ 24,86/ 288,Method_Citation
J96-3004,"[142, 143, 356]","[4, 4, 5]",W97-0120,[121],[5],4/ 9,26/ 106,214/ 477,5/ 7,15/ 117,121/ 288,Method_Citation
J96-3004,"[142, 143, 356]","[4, 4, 5]",W97-0120,[121],[5],4/ 9,26/ 106,214/ 477,5/ 7,15/ 117,121/ 288,Results_Citation
J96-3004,[65],[3],W97-0316,"[10, 11]","[1, 1]",3/ 9,3/ 74,65/ 477,1/ 8,10/ 12,10/ 161,Method_Citation
J98-2005,[17],[1],J01-2004,[72],[2],1/ 4,17/ 32,17/ 104,2/ 8,37/ 63,72/ 467,Aim_Citation
J98-2005,[45],[2],N03-1027,[56],[2],2/ 4,9/ 37,45/ 104,2/ 6,19/ 33,56/ 212,Method_Citation
J98-2005,[17],[1],P01-1017,[79],[3],1/ 4,17/ 32,17/ 104,3/ 6,32/ 34,79/ 184,Aim_Citation
J98-2005,"[16, 17]","[1, 1]",P13-1102,[23],[1],1/ 4,16/ 32,16/ 104,1/ 11,23/ 29,23/ 229,Aim_Citation
N01-1011,"[84, 101, 161]","[4, 5, 8]",W02-0812,"[131, 132, 133]","[6, 6, 6]",6/ 13,2/ 10,115/ 194,6/ 7,34/ 52,132/ 150,Method_Citation
N01-1011,"[18, 19, 61]","[1, 1, 2]",W04-0813,[43],[2],1/ 13,24/ 36,33/ 194,2/ 3,23/ 110,43/ 130,Method_Citation
N01-1011,[189],[11],W02-1011,[136],[6],11/ 13,1/ 2,189/ 194,6/ 9,45/ 60,136/ 183,Results_Citation
N01-1011,[189],[11],N03-3004,[49],[3],11/ 13,1/ 2,189/ 194,3/ 11,9/ 22,49/ 170,Results_Citation
N01-1011,"[40, 42]","[2, 2]",J02-2003,[148],[4],2/ 13,15/ 36,41/ 194,4/ 10,54/ 55,148/ 355,Implication_Citation
N01-1011,"[18, 29, 37]","[1, 2, 2]",W08-0611,[103],[3],2/ 13,11/ 36,28/ 194,3/ 6,17/ 47,103/ 186,Method_Citation
N04-1038,[8],[1],E12-1054,[7],[1],1/ 8,8/ 24,8/ 257,1/ 9,7/ 21,7/ 228,Aim_Citation
N04-1038,"[18, 19, 201]","[1, 1, 7]",H05-1003,"[35, 36]","[2, 2]",3/ 8,59/ 195,79/ 257,2/ 9,12/ 12,36/ 200,Method_Citation
N04-1038,[68],[7],N13-1104,[109],[4],7/ 8,6/ 195,68/ 257,4/ 8,5/ 16,109/ 262,Method_Citation
N04-1038,"[18, 19, 20]","[1, 1, 1]",N13-1110,"[207, 208, 209]","[6, 6, 6]",1/ 8,19/ 24,19/ 257,6/ 9,11/ 19,208/ 236,Method_Citation
N04-1038,[158],[7],P05-1020,[202],[5],7/ 8,96/ 195,158/ 257,5/ 7,71/ 89,202/ 221,Method_Citation
N04-1038,"[49, 63]","[2, 7]",P06-1005,[124],[4],4/ 8,10/ 195,56/ 257,4/ 8,9/ 70,124/ 240,Method_Citation
N04-1038,[2],[0],P06-1005,"[177, 178, 179]","[4, 4, 4]",0/ 8,2/ 5,2/ 257,4/ 8,63/ 70,178/ 240,Method_Citation
N04-1038,"[1, 8, 70, 76, 77, 137]","[0, 1, 7, 7, 7, 7]",P07-1067,"[46, 47, 48, 49]","[2, 2, 2, 2]",5/ 8,20/ 195,62/ 257,2/ 7,10/ 28,48/ 227,Aim_Citation
N04-1038,"[1, 8, 70, 76, 77, 137]","[0, 1, 7, 7, 7, 7]",P07-1067,"[46, 47, 48, 49]","[2, 2, 2, 2]",5/ 8,20/ 195,62/ 257,2/ 7,10/ 28,48/ 227,Method_Citation
N04-1038,[9],[1],P07-1068,[11],[1],1/ 8,9/ 24,9/ 257,1/ 6,11/ 29,11/ 208,Implication_Citation
N04-1038,"[68, 87]","[7, 7]",P08-1090,"[35, 38]","[2, 2]",7/ 8,16/ 195,78/ 257,2/ 8,6/ 23,36/ 265,Method_Citation
N04-1038,[68],[7],P09-1068,[17],[1],7/ 8,6/ 195,68/ 257,1/ 9,17/ 16,17/ 265,Method_Citation
N04-1038,[8],[1],P09-1074,[223],[3],1/ 8,8/ 24,8/ 257,3/ 7,160/ 172,223/ 327,Aim_Citation
N04-1038,[158],[7],P10-1142,[72],[3],7/ 8,96/ 195,158/ 257,3/ 8,42/ 123,72/ 263,Method_Citation
N04-1038,[2],[0],P11-1082,[129],[3],0/ 8,2/ 5,2/ 257,3/ 7,39/ 88,129/ 229,Method_Citation
N04-1038,[68],[7],P13-1121,[63],[3],7/ 8,6/ 195,68/ 257,3/ 7,13/ 38,63/ 204,Method_Citation
N04-1038,"[0, 3, 201]","[0, 0, 7]",P13-2015,"[46, 47]","[2, 2]",2/ 8,48/ 195,68/ 257,2/ 7,28/ 30,46/ 176,Method_Citation
N04-1038,[2],[0],W05-0612,[33],[2],0/ 8,2/ 5,2/ 257,2/ 7,13/ 20,33/ 247,Method_Citation
N04-1038,"[2, 3]","[0, 0]",W06-0106,[181],[7],0/ 8,2/ 5,2/ 257,7/ 9,10/ 20,181/ 199,Method_Citation
N04-1038,[8],[1],W06-0206,[10],[1],1/ 8,8/ 24,8/ 257,1/ 9,10/ 23,10/ 194,Aim_Citation
N04-1038,"[100, 101]","[7, 7]",W10-3909,"[22, 23]","[1, 1]",7/ 8,38/ 195,100/ 257,1/ 7,22/ 25,22/ 197,Method_Citation
N04-1038,"[100, 101]","[7, 7]",W10-3909,"[22, 23]","[1, 1]",7/ 8,38/ 195,100/ 257,1/ 7,22/ 25,22/ 197,Implication_Citation
N04-1038,[8],[1],W10-3909,"[36, 37, 38]","[2, 2, 2]",1/ 8,8/ 24,8/ 257,2/ 7,4/ 20,37/ 197,Aim_Citation
N04-1038,"[64, 151, 156, 222, 223]","[7, 7, 7, 7, 7]",W10-3909,"[50, 51]","[2, 2]",7/ 8,101/ 195,163/ 257,2/ 7,18/ 20,50/ 197,Method_Citation
N04-1038,"[64, 151, 156, 222, 223]","[7, 7, 7, 7, 7]",W10-3909,"[50, 51]","[2, 2]",7/ 8,101/ 195,163/ 257,2/ 7,18/ 20,50/ 197,Results_Citation
N06-2049,"[25, 104]","[2, 3]",D13-1031,"[273, 274]","[3, 3]",2/ 7,18/ 60,64/ 155,3/ 7,110/ 124,274/ 365,Method_Citation
N06-2049,"[25, 104]","[2, 3]",D13-1031,"[273, 274]","[3, 3]",2/ 7,18/ 60,64/ 155,3/ 7,110/ 124,274/ 365,Results_Citation
N06-2049,[3],[0],I08-4009,[19],[1],0/ 7,3/ 4,3/ 155,1/ 7,19/ 26,19/ 166,Implication_Citation
N06-2049,"[58, 59]","[2, 2]",I08-4009,[20],[1],2/ 7,36/ 49,58/ 155,1/ 7,20/ 26,20/ 166,Method_Citation
N06-2049,[104],[3],I08-4015,[36],[2],3/ 7,33/ 60,104/ 155,2/ 5,22/ 52,36/ 90,Results_Citation
N06-2049,"[66, 67]","[2, 2]",I08-4030,[13],[1],2/ 7,44/ 49,66/ 155,1/ 8,13/ 8,13/ 88,Results_Citation
N06-2049,"[66, 67, 104, 105]","[2, 2, 3, 3]",I08-4030,[51],[4],2/ 7,39/ 60,86/ 155,4/ 8,7/ 10,51/ 88,Method_Citation
N06-2049,"[66, 67, 104, 105]","[2, 2, 3, 3]",I08-4030,[51],[4],2/ 7,39/ 60,86/ 155,4/ 8,7/ 10,51/ 88,Results_Citation
N06-2049,[8],[1],J11-1005,[277],[3],1/ 7,8/ 18,8/ 155,3/ 10,168/ 294,277/ 1113,Method_Citation
N06-2049,[25],[2],N09-1007,[134],[4],2/ 7,3/ 49,25/ 155,4/ 7,17/ 62,134/ 200,Method_Citation
N06-2049,[8],[1],P07-1106,"[93, 94]","[5, 5]",1/ 7,8/ 18,8/ 155,5/ 9,10/ 16,94/ 190,Method_Citation
N06-2049,[8],[1],P07-1106,"[172, 173]","[6, 6]",1/ 7,8/ 18,8/ 155,6/ 9,72/ 79,172/ 190,Method_Citation
N06-2049,[25],[2],P12-1027,"[188, 189]","[5, 5]",2/ 7,3/ 49,25/ 155,5/ 8,42/ 46,188/ 204,Method_Citation
N06-2049,[8],[1],W06-0118,[14],[2],1/ 7,8/ 18,8/ 155,2/ 6,2/ 49,14/ 97,Method_Citation
N06-2049,"[8, 153, 72]","[1, 5, 3]",W06-0118,[24],[2],3/ 7,4/ 60,78/ 155,2/ 6,12/ 49,24/ 97,Method_Citation
N06-2049,"[151, 72]","[5, 3]",W08-0335,"[55, 56]","[2, 2]",4/ 7,1/ 60,112/ 155,2/ 7,22/ 26,56/ 247,Method_Citation
N06-2049,"[78, 79]","[3, 3]",W08-0335,[160],[4],3/ 7,8/ 60,78/ 155,4/ 7,19/ 80,160/ 247,Method_Citation
N06-2049,[8],[1],W10-4128,[11],[1],1/ 7,8/ 18,8/ 155,1/ 5,11/ 8,11/ 189,Method_Citation
N06-2049,"[1, 2]","[0, 0]",W10-4135,[11],[1],0/ 7,2/ 4,2/ 155,1/ 7,11/ 10,11/ 103,Method_Citation
N06-2049,"[1, 2]","[0, 0]",W10-4135,[11],[1],0/ 7,2/ 4,2/ 155,1/ 7,11/ 10,11/ 103,Results_Citation
N06-2049,[8],[1],W10-4135,[25],[2],1/ 7,8/ 18,8/ 155,2/ 7,11/ 32,25/ 103,Method_Citation
N06-2049,"[8, 9]","[1, 1]",W10-4135,[30],[2],1/ 7,8/ 18,8/ 155,2/ 7,16/ 32,30/ 103,Method_Citation
N06-2049,"[38, 39]","[2, 2]",W10-4138,"[21, 22, 23]","[2, 2, 2]",2/ 7,16/ 49,38/ 155,2/ 7,15/ 21,22/ 52,Implication_Citation
N09-1001,"[126, 127, 133, 207]","[4, 4, 5, 7]",N09_csl2013,"[146, 147]","[3, 3]",5/ 8,33/ 68,148/ 226,3/ 7,86/ 120,146/ 210,Results_Citation
N09-1001,"[58, 59, 60]","[3, 3, 3]",N09_qwn,[22],[1],3/ 8,12/ 40,59/ 226,1/ 5,22/ 19,22/ 175,Method_Citation |
N09-1001,[20],[1],N09_qwn,[22],[1],1/ 8,20/ 20,20/ 226,1/ 5,22/ 19,22/ 175,Method_Citation
N09-1001,[4],[0],N09prod,[35],[2],0/ 8,4/ 6,4/ 226,2/ 7,5/ 10,35/ 171,Method_Citation
N09-1001,[4],[0],N09prod,[121],[4],0/ 8,4/ 6,4/ 226,4/ 7,25/ 47,121/ 171,Aim_citation
N09-1001,[1],[0],N15-1071,[147],[6],0/ 8,1/ 6,1/ 226,6/ 7,36/ 47,147/ 158,Method_Citation
N09-1001,"[104, 105, 106]","[4, 4, 4]",P101167,[146],[2],4/ 8,18/ 41,105/ 226,2/ 9,96/ 102,146/ 496,Method_Citation
N09-1001,"[72, 73, 74, 75]","[3, 3, 3, 3]",P1018,[10],[1],3/ 8,26/ 40,74/ 226,1/ 9,10/ 34,10/ 196,Method_Citation |
N09-1001,"[4, 207]","[0, 7]",P1018,[180],[6],4/ 8,26/ 68,106/ 226,6/ 9,2/ 8,180/ 196,Method_Citation
N09-1001,"[4, 207]","[0, 7]",P1018,[180],[6],4/ 8,26/ 68,106/ 226,6/ 9,2/ 8,180/ 196,Results_Citation
N09-1001,[65],[3],PEAAI_n09,[70],[2],3/ 8,18/ 40,65/ 226,2/ 7,30/ 56,70/ 280,Method_Citation
N09-1001,[20],[1],Pproc2014_n09,[33],[2],1/ 8,20/ 20,20/ 226,2/ 12,4/ 21,33/ 449,Method_Citation
N09-1001,[20],[1],Pproc2014_n09,[70],[5],1/ 8,20/ 20,20/ 226,5/ 12,16/ 42,70/ 449,Method_Citation
N09-1001,[1],[0],W11-0311,[231],[4],0/ 8,1/ 6,1/ 226,4/ 7,1/ 12,231/ 252,Method_Citation
N09-1025,[23],[2],C10-2052,[22],[1],2/ 8,9/ 13,23/ 213,1/ 8,22/ 19,22/ 312,Method_Citation
N09-1025,[9],[1],D11-1081,[6],[1],1/ 8,9/ 11,9/ 213,1/ 8,6/ 30,6/ 257,Method_Citation
N09-1025,[23],[2],D11-1081,[9],[1],2/ 8,9/ 13,23/ 213,1/ 8,9/ 30,9/ 257,Method_Citation
N09-1025,[51],[3],D11-1081,[25],[1],3/ 8,24/ 41,51/ 213,1/ 8,25/ 30,25/ 257,Method_Citation
N09-1025,"[32, 33]","[3, 3]",D11-1081,[159],[6],3/ 8,6/ 41,32/ 213,6/ 8,11/ 107,159/ 257,Method_Citation
N09-1025,[29],[3],D11-1081,[239],[6],3/ 8,2/ 41,29/ 213,6/ 8,91/ 107,239/ 257,Method_Citation
N09-1025,[51],[3],D11-1125,[13],[1],3/ 8,24/ 41,51/ 213,1/ 12,13/ 19,13/ 267,Method_Citation
N09-1025,[14],[1],D11-1125,"[77, 78, 79]","[4, 4, 4]",1/ 8,14/ 11,14/ 213,4/ 12,3/ 30,78/ 267,Method_Citation
N09-1025,[9],[1],D11-1125,"[207, 208, 209]","[9, 9, 9]",1/ 8,9/ 11,9/ 213,9/ 12,56/ 59,208/ 267,Method_Citation
N09-1025,[9],[1],D11-1125,"[210, 211]","[9, 9]",1/ 8,9/ 11,9/ 213,9/ 12,58/ 59,210/ 267,Method_Citation
N09-1025,[14],[1],D11-1125,"[227, 228, 229]","[10, 10, 10]",1/ 8,14/ 11,14/ 213,10/ 12,17/ 54,228/ 267,Method_Citation
N09-1025,[51],[3],N12-1006,"[102, 103]","[4, 4]",3/ 8,24/ 41,51/ 213,4/ 9,8/ 21,102/ 277,Method_Citation
N09-1025,[14],[1],P12-1001,[147],[3],1/ 8,14/ 11,14/ 213,3/ 8,64/ 65,147/ 254,Method_Citation
N09-1025,[51],[3],P13-1110,[36],[2],3/ 8,24/ 41,51/ 213,2/ 11,16/ 26,36/ 196,Method_Citation
N09-1025,[14],[1],P13-1110,[102],[3],1/ 8,14/ 11,14/ 213,3/ 11,56/ 60,102/ 196,Method_Citation
N09-1025,[65],[3],P13-1110,[115],[4],3/ 8,38/ 41,65/ 213,4/ 11,9/ 31,115/ 196,Method_Citation
N09-1025,[23],[2],P13-1110,[120],[4],2/ 8,9/ 13,23/ 213,4/ 11,14/ 31,120/ 196,Method_Citation
N09-1025,[29],[3],P28_n09,[51],[2],3/ 8,2/ 41,29/ 213,2/ 5,23/ 25,51/ 102,Method_Citation
N09-1025,[9],[1],P134_n09,"[27, 28]","[1, 1]",1/ 8,9/ 11,9/ 213,1/ 7,28/ 126,28/ 222,Method_Citation
N09-1025,[9],[1],Pmert_n09,[15],[1],1/ 8,9/ 11,9/ 213,1/ 10,15/ 27,15/ 285,Method_Citation
N09-1025,[9],[1],Pmert_n09,[16],[1],1/ 8,9/ 11,9/ 213,1/ 10,16/ 27,16/ 285,Method_Citation
N09-1025,[51],[3],PMTS_n09,[218],[5],3/ 8,24/ 41,51/ 213,5/ 8,109/ 137,218/ 257,Method_Citation
N09-1025,[65],[3],PMTS_n09,[245],[5],3/ 8,38/ 41,65/ 213,5/ 8,136/ 137,245/ 257,Method_Citation
N09-1025,[51],[3],PMTS_n09,[252],[6],3/ 8,24/ 41,51/ 213,6/ 8,6/ 8,252/ 257,Method_Citation
N09-1025,[29],[3],PSMPT_n09,"[73, 74]","[3, 3]",3/ 8,2/ 41,29/ 213,3/ 10,6/ 16,74/ 240,Method_Citation
N09-1025,[51],[3],PTASL_n09,[79],[1],3/ 8,24/ 41,51/ 213,1/ 2,79/ 363,79/ 370,Method_Citation
N09-1025,[29],[3],PTASL_n09,[86],[1],3/ 8,2/ 41,29/ 213,1/ 2,86/ 363,86/ 370,Method_Citation
N09-1025,[23],[2],W10-1757,[48],[3],2/ 8,9/ 13,23/ 213,3/ 8,25/ 94,48/ 237,Method_Citation
N09-1025,"[32, 33]","[3, 3]",W10-1757,[209],[6],3/ 8,6/ 41,32/ 213,6/ 8,25/ 51,209/ 237,Method_Citation
N09-1025,[9],[1],W10-1761,"[53, 54]","[2, 2]",1/ 8,9/ 11,9/ 213,2/ 10,30/ 44,54/ 208,Method_Citation
N09-1025,[23],[2],W10-1761,[92],[3],2/ 8,9/ 13,23/ 213,3/ 10,25/ 31,92/ 208,Method_Citation
N09-1025,"[32, 33]","[3, 3]",W10-1761,[97],[3],3/ 8,6/ 41,32/ 213,3/ 10,30/ 31,97/ 208,Method_Citation
P00-1025,[29],[2],J06-1004,[104],[2],2/ 7,12/ 43,29/ 226,2/ 10,39/ 79,104/ 608,Method Citation
P00-1025,[123],[5],P55-62_p00,[52],[1],5/ 7,50/ 132,123/ 226,1/ 20,52/ 65,52/ 381,Method Citation
P00-1025,[203],[5],P9852_p00,"[200, 201]","[5, 5]",5/ 7,130/ 132,203/ 226,5/ 8,44/ 74,200/ 251,Method Citation
P00-1025,[62],[3],PE2006_p00,[104],[2],3/ 7,2/ 12,62/ 226,2/ 10,39/ 79,104/ 608,Method Citation
P00-1025,[119],[5],Plex_p00,[31],[1],5/ 7,46/ 132,119/ 226,1/ 7,31/ 81,31/ 341,Result Citation
P00-1025,[16],[1],Plex_p00,[32],[1],1/ 7,16/ 13,16/ 226,1/ 7,32/ 81,32/ 341,Method Citation
P00-1025,[96],[5],Pmorph_p00,[67],[4],5/ 7,23/ 132,96/ 226,4/ 6,1/ 132,67/ 219,Method Citation
P00-1025,[131],[5],Pstat_p00,[86],[4],5/ 7,58/ 132,131/ 226,4/ 6,59/ 84,86/ 124,Method Citation
P00-1025,[202],[5],W02-0503-parscit130908,[17],[1],5/ 7,129/ 132,202/ 226,1/ 8,17/ 25,17/ 229,Method Citation
P00-1025,[123],[5],W07-0802-parscit130908,[134],[4],5/ 7,50/ 132,123/ 226,4/ 8,1/ 13,134/ 158,Method Citation
P00-1025,[50],[2],W08-0703,[15],[1],2/ 7,33/ 43,50/ 226,1/ 5,15/ 56,15/ 159,Method Citation
P00-1025,[205],[5],W09-0802,[207],[4],5/ 7,132/ 132,205/ 226,4/ 6,74/ 117,207/ 261,Method Citation
P05-1004,[2],[0],C10-2101,[74],[2],0/ 12,2/ 5,2/ 234,2/ 6,44/ 58,74/ 268,Method_Citation
P05-1004,[147],[7],J07-4005,[229],[3],7/ 12,1/ 24,147/ 234,3/ 10,72/ 75,229/ 702,Method_Citation
P05-1004,[13],[1],J09-3004,[446],[8],1/ 12,13/ 21,13/ 234,8/ 9,30/ 33,446/ 449,Method_Citation
P05-1004,[147],[7],N06-1017,[26],[1],7/ 12,1/ 24,147/ 234,1/ 9,26/ 31,26/ 189,Method_Citation
P05-1004,[228],[10],N06-1017,[189],[8],10/ 12,4/ 8,228/ 234,8/ 9,11/ 11,189/ 189,Method_Citation
P05-1004,[231],[10],N07-1024,[83],[3],10/ 12,7/ 8,231/ 234,3/ 7,3/ 25,83/ 201,Method_Citation
P05-1004,[20],[1],P12-2050,[15],[1],1/ 12,20/ 21,20/ 234,1/ 6,15/ 28,15/ 85,Method_Citation
P05-1004,[65],[3],S07-1032,[16],[1],3/ 12,18/ 20,65/ 234,1/ 5,16/ 20,16/ 83,Method_Citation
P05-1004,[65],[3],S10-1090,[16],[1],3/ 12,18/ 20,65/ 234,1/ 7,16/ 24,16/ 145,Method_Citation
P05-1004,[87],[6],S12-1011,[6],[1],6/ 12,1/ 60,87/ 234,1/ 6,6/ 11,6/ 119,Method_Citation
P05-1004,[20],[1],S12-1011,[50],[4],1/ 12,20/ 21,20/ 234,4/ 6,2/ 61,50/ 119,Method_Citation
P05-1004,[65],[3],S12-1023,[234],[6],3/ 12,18/ 20,65/ 234,6/ 9,15/ 21,234/ 253,Method_Citation
P05-1004,[20],[1],W06-1670,[94],[3],1/ 12,20/ 21,20/ 234,3/ 7,12/ 23,94/ 261,Method_Citation
P05-1053,[193],[6],C08-1088,[15],[1],6/ 7,75/ 100,193/ 218,1/ 8,15/ 30,15/ 196,Results_Citation
P05-1053,"[51, 52]","[3, 3]",C08-1088,[180],[5],3/ 7,8/ 13,52/ 218,5/ 8,28/ 35,180/ 196,Implication_Citation
P05-1053,[17],[1],C10-1018,[42],[2],1/ 7,17/ 23,17/ 218,2/ 8,5/ 18,42/ 217,Method_Citation
P05-1053,[40],[2],C10-1018,[45],[2],2/ 7,11/ 15,40/ 218,2/ 8,8/ 18,45/ 217,Method_Citation
P05-1053,"[17, 20]","[1, 1]",D07-1076,[14],[1],1/ 7,18/ 23,18/ 218,1/ 6,14/ 27,14/ 195,Method_Citation
P05-1053,"[196, 197]","[6, 6]",D07-1076,[14],[1],6/ 7,78/ 100,196/ 218,1/ 6,14/ 27,14/ 195,Implication_Citation
P05-1053,"[51, 52]","[3, 3]",D07-1076,[161],[4],3/ 7,8/ 13,52/ 218,4/ 6,24/ 56,161/ 195,Implication_Citation
P05-1053,[34],[2],D07-1076,"[166, 167]","[4, 4]",2/ 7,5/ 15,34/ 218,4/ 6,30/ 56,166/ 195,Method_Citation
P05-1053,[33],[2],D07-1076,"[176, 177]","[4, 4]",2/ 7,4/ 15,33/ 218,4/ 6,40/ 56,176/ 195,Results_Citation
P05-1053,"[60, 17]","[4, 1]",D09-1149,[53],[3],2/ 7,10/ 23,38/ 218,3/ 8,5/ 14,53/ 194,Method_Citation
P05-1053,"[121, 122]","[6, 6]",D09-1149,[81],[4],6/ 7,4/ 100,122/ 218,4/ 8,19/ 41,81/ 194,Implication_Citation
P05-1053,[40],[2],D12-1074,[100],[3],2/ 7,11/ 15,40/ 218,3/ 8,36/ 69,100/ 226,Results_Citation
P05-1053,[17],[1],E06-2012,[59],[3],1/ 7,17/ 23,17/ 218,3/ 7,29/ 43,59/ 102,Method_Citation
P05-1053,"[17, 20]","[1, 1]",E12-1020,"[54, 55]","[2, 2]",1/ 7,18/ 23,18/ 218,2/ 9,34/ 55,54/ 288,Method_Citation
P05-1053,"[17, 20]","[1, 1]",E12-1020,"[54, 55]","[2, 2]",1/ 7,18/ 23,18/ 218,2/ 9,34/ 55,54/ 288,Results_Citation
P05-1053,"[37, 40]","[2, 2]",E12-1020,[109],[3],2/ 7,10/ 15,38/ 218,3/ 9,34/ 88,109/ 288,Method_Citation
P05-1053,[17],[1],E12-1020,"[224, 225]","[5, 5]",1/ 7,17/ 23,17/ 218,5/ 9,4/ 45,224/ 288,Method_Citation
P05-1053,[17],[1],I08-1004,[10],[1],1/ 7,17/ 23,17/ 218,1/ 7,10/ 21,10/ 126,Method_Citation
P05-1053,[193],[6],N06-1037,[9],[1],6/ 7,75/ 100,193/ 218,1/ 6,9/ 20,9/ 198,Implication_Citation
P05-1053,[17],[1],N06-1037,"[31, 32]","[2, 2]",1/ 7,17/ 23,17/ 218,2/ 6,8/ 42,32/ 198,Method_Citation
P05-1053,"[34, 40]","[2, 2]",N06-1037,"[35, 36]","[2, 2]",2/ 7,8/ 15,37/ 218,2/ 6,12/ 42,36/ 198,Results_Citation
P05-1053,[193],[6],N06-1037,"[38, 39]","[2, 2]",6/ 7,75/ 100,193/ 218,2/ 6,14/ 42,38/ 198,Method_Citation
P05-1053,"[34, 40]","[2, 2]",N06-1037,"[135, 136]","[4, 4]",2/ 7,8/ 15,37/ 218,4/ 6,6/ 57,136/ 198,Method_Citation
P05-1053,[110],[5],N06-1037,[137],[4],5/ 7,3/ 11,110/ 218,4/ 6,8/ 57,137/ 198,Method_Citation
P05-1053,[34],[2],N07-1015,[12],[1],2/ 7,5/ 15,34/ 218,1/ 8,12/ 26,12/ 243,Method_Citation
P05-1053,[40],[2],N07-1015,"[33, 34]","[2, 2]",2/ 7,11/ 15,40/ 218,2/ 8,2/ 17,34/ 243,Method_Citation
P05-1053,"[67, 68]","[4, 4]",N07-1015,"[122, 123, 124]","[4, 4, 4]",4/ 7,10/ 50,68/ 218,4/ 8,70/ 105,123/ 243,Method_Citation
P05-1053,[93],[4],N07-1015,"[130, 131, 132]","[4, 4, 4]",4/ 7,36/ 50,93/ 218,4/ 8,78/ 105,131/ 243,Method_Citation
P05-1053,[20],[1],N09-3012,[7],[1],1/ 7,20/ 23,20/ 218,1/ 4,7/ 25,7/ 126,Results_Citation
P05-1053,[51],[3],N13-1093,"[107, 108]","[3, 3]",3/ 7,7/ 13,51/ 218,3/ 6,12/ 54,108/ 167,Method_Citation
P05-1053,[53],[3],N13-1093,"[112, 113]","[3, 3]",3/ 7,9/ 13,53/ 218,3/ 6,16/ 54,112/ 167,Method_Citation
P05-1053,[121],[6],P06-1016,[13],[1],6/ 7,3/ 100,121/ 218,1/ 6,13/ 21,13/ 200,Implication_Citation
P05-1053,"[53, 121]","[3, 6]",P06-1016,[18],[1],4/ 7,6/ 100,87/ 218,1/ 6,18/ 21,18/ 200,Method_Citation
P05-1053,[130],[6],P06-1016,[45],[2],6/ 7,12/ 100,130/ 218,2/ 6,18/ 26,45/ 200,Results_Citation
P05-1053,"[110, 58, 59]","[5, 4, 4]",P06-1016,[128],[5],4/ 7,2/ 50,76/ 218,5/ 6,60/ 132,128/ 200,Method_Citation
P05-1053,[40],[2],P06-1017,"[206, 207]","[7, 7]",2/ 7,11/ 15,40/ 218,7/ 8,18/ 24,206/ 213,Method_Citation
P05-1053,[40],[2],P06-1104,[39],[2],2/ 7,11/ 15,40/ 218,2/ 7,5/ 22,39/ 221,Method_Citation
P05-1053,"[18, 155]","[1, 6]",P08-2023,"[29, 30]","[2, 2]",4/ 7,28/ 100,86/ 218,2/ 5,10/ 18,30/ 125,Results_Citation
P05-1053,"[18, 155]","[1, 6]",P08-2023,"[29, 30]","[2, 2]",4/ 7,28/ 100,86/ 218,2/ 5,10/ 18,30/ 125,Implication_Citation
P05-1053,[18],[1],P09-1113,[39],[1],1/ 7,18/ 23,18/ 218,1/ 7,39/ 33,39/ 225,Results_Citation
P05-1053,[17],[1],P09-1113,"[50, 51, 52, 53]","[2, 2, 2, 2]",1/ 7,17/ 23,17/ 218,2/ 7,12/ 15,52/ 225,Method_Citation
P05-1053,[17],[1],P09-1114,"[23, 24, 25]","[2, 2, 2]",1/ 7,17/ 23,17/ 218,2/ 7,2/ 27,24/ 297,Method_Citation
P05-1053,"[17, 20]","[1, 1]",P09-1114,[7],[1],1/ 7,18/ 23,18/ 218,1/ 7,7/ 17,7/ 297,Method_Citation
P05-1053,"[17, 20]","[1, 1]",P09-1114,[7],[1],1/ 7,18/ 23,18/ 218,1/ 7,7/ 17,7/ 297,Results_Citation
P05-1053,[40],[2],P11-1053,[10],[1],2/ 7,11/ 15,40/ 218,1/ 3,10/ 32,10/ 364,Method_Citation
P05-1053,"[40, 52]","[2, 3]",P11-1053,"[80, 81]","[2, 2]",2/ 7,10/ 13,46/ 218,2/ 3,44/ 328,80/ 364,Method_Citation
P05-1053,[108],[5],P11-1053,"[193, 194]","[2, 2]",5/ 7,1/ 11,108/ 218,2/ 3,158/ 328,194/ 364,Method_Citation
P05-1053,[59],[4],P11-1056,[11],[1],4/ 7,2/ 50,59/ 218,1/ 9,11/ 34,11/ 274,Method_Citation
P05-1053,[128],[6],P11-1056,[58],[2],6/ 7,10/ 100,128/ 218,2/ 9,19/ 21,58/ 274,Method_Citation
P05-1053,[17],[1],P11-3012,[34],[3],1/ 7,17/ 23,17/ 218,3/ 8,7/ 16,34/ 138,Method_Citation
P05-1053,[130],[6],P11-3012,[47],[4],6/ 7,12/ 100,130/ 218,4/ 8,4/ 38,47/ 138,Results_Citation
P05-1053,"[17, 126]","[1, 6]",P13-1147,[167],[6],4/ 7,12/ 100,72/ 218,6/ 9,10/ 117,167/ 285,Method_Citation
P05-1053,[53],[3],W06-1634,[9],[1],3/ 7,9/ 13,53/ 218,1/ 6,9/ 10,9/ 236,Method_Citation
P05-1053,[4],[0],W06-1634,[17],[2],0/ 7,4/ 6,4/ 218,2/ 6,2/ 30,17/ 236,Implication_Citation
P05-1053,[193],[6],W06-1667,[174],[3],6/ 7,75/ 100,193/ 218,3/ 5,110/ 119,174/ 190,Results_Citation
P05-1053,[30],[2],W08-0602,[39],[1],2/ 7,1/ 15,30/ 218,1/ 9,39/ 41,39/ 243,Aim_Citation
P05-1053,[40],[2],W08-0602,[136],[4],2/ 7,11/ 15,40/ 218,4/ 9,51/ 62,136/ 243,Method_Citation
P05-1053,[40],[2],W11-1101,[203],[5],2/ 7,11/ 15,40/ 218,5/ 7,11/ 25,203/ 226,Method_Citation
P05-1053,[12],[1],W11-1815,[10],[1],1/ 7,12/ 23,12/ 218,1/ 5,10/ 15,10/ 289,Hypothesis_Citation
P06-2124,[15],[1],D11-1084,"[48, 49, 50, 51]","[2, 2, 2, 2]",1/ 7,15/ 23,15/ 246,2/ 8,2/ 27,50/ 241,Method_Citation
P06-2124,"[2, 15]","[0, 1]",D11-1084,"[52, 53, 54]","[2, 2, 2]",0/ 7,8/ 23,8/ 246,2/ 8,6/ 27,53/ 241,Hypothesis_Citation
P06-2124,"[2, 15]","[0, 1]",D11-1084,"[52, 53, 54]","[2, 2, 2]",0/ 7,8/ 23,8/ 246,2/ 8,6/ 27,53/ 241,Method_Citation
P06-2124,"[21, 37, 152]","[1, 2, 5]",P07-1066,"[28, 29]","[1, 1]",3/ 7,18/ 115,70/ 246,1/ 6,28/ 30,28/ 213,Method_Citation
P06-2124,[152],[5],P10-2025,[84],[4],5/ 7,25/ 115,152/ 246,4/ 6,22/ 84,84/ 152,Results_Citation
P06-2124,"[124, 194]","[4, 5]",P10-2025,[86],[4],4/ 7,50/ 115,159/ 246,4/ 6,24/ 84,86/ 152,Method_Citation
P06-2124,"[124, 194]","[4, 5]",P10-2025,[86],[4],4/ 7,50/ 115,159/ 246,4/ 6,24/ 84,86/ 152,Results_Citation
P06-2124,"[115, 116, 117]","[4, 4, 4]",P11-2032,[11],[1],4/ 7,26/ 37,116/ 246,1/ 7,11/ 25,11/ 127,Implication_Citation
P06-2124,"[115, 116, 117]","[4, 4, 4]",P11-2032,[11],[1],4/ 7,26/ 37,116/ 246,1/ 7,11/ 25,11/ 127,Method_Citation
P06-2124,"[2, 3, 21]","[0, 0, 1]",P12-1048,[17],[1],0/ 7,9/ 23,9/ 246,1/ 8,17/ 33,17/ 171,Hypothesis_Citation
P06-2124,"[2, 3, 21]","[0, 0, 1]",P12-1048,[17],[1],0/ 7,9/ 23,9/ 246,1/ 8,17/ 33,17/ 171,Method_Citation
P06-2124,"[7, 10]","[0, 1]",P12-1048,[149],[5],0/ 7,8/ 23,8/ 246,5/ 8,13/ 26,149/ 171,Implication_Citation
P06-2124,"[10, 83]","[1, 3]",P12-1048,[160],[5],2/ 7,27/ 51,46/ 246,5/ 8,24/ 26,160/ 171,Method_Citation
P06-2124,"[10, 13]","[1, 1]",P12-1079,[8],[1],1/ 7,12/ 23,12/ 246,1/ 10,8/ 21,8/ 265,Implication_Citation
P06-2124,[21],[1],P12-1079,[40],[3],1/ 7,21/ 23,21/ 246,3/ 10,1/ 45,40/ 265,Hypothesis_Citation
P06-2124,[21],[1],P12-1079,[40],[3],1/ 7,21/ 23,21/ 246,3/ 10,1/ 45,40/ 265,Aim_Citation
P06-2124,"[17, 21]","[1, 1]",P12-2023,[30],[1],1/ 7,19/ 23,19/ 246,1/ 6,30/ 41,30/ 105,Hypothesis_Citation
P06-2124,"[17, 21]","[1, 1]",P12-2023,[30],[1],1/ 7,19/ 23,19/ 246,1/ 6,30/ 41,30/ 105,Aim_Citation
P06-2124,[21],[1],P13-2122,[27],[2],1/ 7,21/ 23,21/ 246,2/ 7,4/ 15,27/ 124,Hypothesis_Citation
P06-2124,[21],[1],P13-2122,[27],[2],1/ 7,21/ 23,21/ 246,2/ 7,4/ 15,27/ 124,Aim_Citation
P06-2124,"[21, 39, 45, 192, 203]","[1, 2, 3, 5, 5]",W07-0722,"[13, 14, 15]","[1, 1, 1]",3/ 7,35/ 115,100/ 246,1/ 3,14/ 18,14/ 62,Method_Citation
P06-2124,"[21, 39, 45, 192, 203]","[1, 2, 3, 5, 5]",W07-0722,"[13, 14, 15]","[1, 1, 1]",3/ 7,35/ 115,100/ 246,1/ 3,14/ 18,14/ 62,Results_Citation
P06-2124,"[116, 119, 120]","[4, 4, 4]",W07-0722,[62],[2],4/ 7,28/ 37,118/ 246,2/ 3,39/ 39,62/ 62,Method_Citation
P07-1040,[36],[1],C08-1014,"[16, 17]","[1, 1]",1/ 10,36/ 42,36/ 213,1/ 8,16/ 20,16/ 197,Method_Citation
P07-1040,[36],[1],C08-1014,[32],[2],1/ 10,36/ 42,36/ 213,2/ 8,7/ 14,32/ 197,Method_Citation
P07-1040,[36],[1],C08-1014,"[88, 89, 90, 91, 92]","[5, 5, 5, 5, 5]",1/ 10,36/ 42,36/ 213,5/ 8,37/ 120,90/ 197,Method_Citation
P07-1040,[89],[3],C08-1014,"[93, 94, 95, 96, 97]","[5, 5, 5, 5, 5]",3/ 10,10/ 25,89/ 213,5/ 8,42/ 120,95/ 197,Method_Citation
P07-1040,[36],[1],D09-1115,[7],[1],1/ 10,36/ 42,36/ 213,1/ 9,7/ 25,7/ 218,Method_Citation
P07-1040,"[124, 125, 126]","[5, 5, 5]",D09-1115,"[133, 134]","[5, 5]",5/ 10,4/ 17,125/ 213,5/ 9,4/ 20,134/ 218,Method_Citation
P07-1040,"[80, 81, 82]","[3, 3, 3]",D09-1115,"[147, 148]","[5, 5]",3/ 10,2/ 25,81/ 213,5/ 9,18/ 20,148/ 218,Method_Citation
P07-1040,"[119, 120, 121]","[4, 4, 4]",N09-2003,"[24, 25]","[1, 1]",4/ 10,16/ 17,120/ 213,1/ 3,24/ 25,24/ 99,Method_Citation
P07-1040,[36],[1],P08-2021,"[2, 3]","[0, 0]",1/ 10,36/ 42,36/ 213,0/ 6,2/ 4,2/ 96,Method_Citation
P07-1040,"[196, 197]","[8, 8]",P08-2021,"[23, 24]","[1, 1]",8/ 10,4/ 18,196/ 213,1/ 6,24/ 28,24/ 96,Method_Citation
P07-1040,"[64, 70]","[2, 2]",P08-2021,"[28, 29, 30]","[1, 1, 1]",2/ 10,18/ 30,67/ 213,1/ 6,29/ 28,29/ 96,Method_Citation
P07-1040,"[6, 144, 145, 146]","[0, 6, 6, 6]",P08-2021,"[69, 70]","[3, 3]",4/ 10,7/ 14,110/ 213,3/ 6,2/ 13,70/ 96,Method_Citation
P07-1040,[93],[3],P08-2021,"[78, 79]","[3, 3]",3/ 10,14/ 25,93/ 213,3/ 6,10/ 13,78/ 96,Method_Citation
P07-1040,[36],[1],P11-1125,"[46, 47, 48]","[2, 2, 2]",1/ 10,36/ 42,36/ 213,2/ 8,17/ 18,47/ 169,Method_Citation
P07-1040,[36],[1],P11-1125,[127],[5],1/ 10,36/ 42,36/ 213,5/ 8,18/ 49,127/ 169,Method_Citation
P07-1040,"[119, 120, 121]","[4, 4, 4]",P39_p07,"[24, 25]","[1, 1]",4/ 10,16/ 17,120/ 213,1/ 5,24/ 25,24/ 102,Method_Citation
P07-1040,[36],[1],P101121_p07,"[19, 20, 21]","[1, 1, 1]",1/ 10,36/ 42,36/ 213,1/ 10,20/ 27,20/ 326,Method_Citation
P07-1040,[36],[1],Pling_p07,"[12, 13]","[1, 1]",1/ 10,36/ 42,36/ 213,1/ 8,12/ 22,12/ 148,Method_Citation
P07-1040,"[199, 200, 201, 202, 203]","[8, 8, 8, 8, 8]",Pling_p07,[41],[2],8/ 10,9/ 18,201/ 213,2/ 8,13/ 35,41/ 148,Method_Citation
P07-1040,[140],[6],Psem_p07,[13],[1],6/ 10,2/ 14,140/ 213,1/ 8,13/ 27,13/ 185,Method_Citation
P07-1040,"[64, 70]","[2, 2]",Psem_p07,[116],[4],2/ 10,18/ 30,67/ 213,4/ 8,8/ 13,116/ 185,Method_Citation
P07-1040,[86],[3],W08-0329,[7],[1],3/ 10,7/ 25,86/ 213,1/ 6,7/ 18,7/ 111,Method_Citation
P07-1040,"[123, 124, 125]","[5, 5, 5]",W08-0329,[17],[1],5/ 10,3/ 17,124/ 213,1/ 6,17/ 18,17/ 111,Method_Citation
P07-1040,[40],[1],W08-0329,[39],[2],1/ 10,40/ 42,40/ 213,2/ 6,17/ 44,39/ 111,Method_Citation
P07-1040,"[95, 96]","[3, 3]",W08-0329,"[87, 88]","[3, 3]",3/ 10,16/ 25,96/ 213,3/ 6,22/ 38,88/ 111,Method_Citation
P07-1040,[140],[6],W09-0441,"[35, 36]","[2, 2]",6/ 10,2/ 14,140/ 213,2/ 8,10/ 62,36/ 359,Method_Citation
P98-1046,[47],[3],A00-2034,"[36, 37]","[2, 2]",3/ 6,1/ 40,47/ 176,2/ 8,22/ 31,36/ 232,Method_Citation
P98-1046,[47],[3],A00-2034,"[38, 39]","[2, 2]",3/ 6,1/ 40,47/ 176,2/ 8,24/ 31,38/ 232,Method_Citation
P98-1046,[47],[3],C00-2118,[211],[3],3/ 6,1/ 40,47/ 176,3/ 4,162/ 167,211/ 216,Method_Citation
P98-1046,"[4, 47]","[0, 3]",C00-2148,"[18, 19, 20]","[2, 2, 2]",2/ 6,2/ 40,26/ 176,2/ 8,5/ 7,19/ 98,Results_Citation
P98-1046,"[4, 47]","[0, 3]",C00-2148,"[18, 19, 20]","[2, 2, 2]",2/ 6,2/ 40,26/ 176,2/ 8,5/ 7,19/ 98,Method_Citation
P98-1046,[4],[0],C08-1002,[46],[2],0/ 6,4/ 6,4/ 176,2/ 8,4/ 28,46/ 289,Results_Citation
P98-1046,[40],[2],H01-1010,[25],[2],2/ 6,21/ 27,40/ 176,2/ 6,12/ 20,25/ 84,Hypothesis_Citation
P98-1046,"[38, 47]","[2, 3]",J01-3003,"[660, 661]","[8, 8]",2/ 6,10/ 40,42/ 176,8/ 11,4/ 16,660/ 688,Method_Citation
P98-1046,[40],[2],J04-1003,"[58, 59]","[1, 1]",2/ 6,21/ 27,40/ 176,1/ 10,58/ 108,58/ 516,Hypothesis_Citation
P98-1046,[65],[3],J05-1004,[68],[2],3/ 6,19/ 40,65/ 176,2/ 10,20/ 32,68/ 715,Hypothesis_Citation
P98-1046,"[70, 94]","[3, 4]",N09-1057,"[30, 31]","[2, 2]",4/ 6,16/ 69,82/ 176,2/ 9,12/ 27,30/ 201,Implication_Citation
P98-1046,[28],[2],P03-1009,"[5, 6]","[1, 1]",2/ 6,9/ 27,28/ 176,1/ 7,6/ 20,6/ 192,Hypothesis_Citation
P98-1046,[47],[3],P06-1117,[78],[3],3/ 6,1/ 40,47/ 176,3/ 7,19/ 37,78/ 239,Method_Citation
P98-1046,[164],[5],P99-1051,[22],[1],5/ 6,9/ 21,164/ 176,1/ 6,22/ 62,22/ 253,Aim_Citation
P98-1046,[158],[5],W00-0202,[18],[2],5/ 6,3/ 21,158/ 176,2/ 7,4/ 16,18/ 98,Implication_Citation
P98-1046,[65],[3],W02-1108,"[48, 49]","[3, 3]",3/ 6,19/ 40,65/ 176,3/ 7,8/ 85,48/ 163,Hypothesis_Citation
P98-1046,[4],[0],W03-0910,[8],[2],0/ 6,4/ 6,4/ 176,2/ 6,4/ 8,8/ 19,Method_Citation
P98-1046,[28],[2],W04-2606,"[7, 8]","[1, 1]",2/ 6,9/ 27,28/ 176,1/ 8,8/ 21,8/ 202,Hypothesis_Citation
P98-1046,[65],[3],W06-2611,[83],[3],3/ 6,19/ 40,65/ 176,3/ 6,19/ 36,83/ 233,Hypothesis_Citation
P98-1046,[3],[0],W99-0503,"[6, 7]","[3, 3]",0/ 6,3/ 6,3/ 176,3/ 6,2/ 14,6/ 25,Implication_Citation
P98-1046,[65],[3],W99-0632,"[45, 46]","[2, 2]",3/ 6,19/ 40,65/ 176,2/ 6,16/ 44,46/ 203,Hypothesis_Citation
P98-1046,[20],[2],W99-0632,[203],[5],2/ 6,1/ 27,20/ 176,5/ 6,23/ 23,203/ 203,Method_Citation
P98-1081,"[116, 117]","[3, 3]",W01-0712,[130],[2],3/ 5,38/ 83,116/ 163,2/ 6,116/ 132,130/ 217,Method_Citation
P98-1081,"[80, 89]","[3, 3]",W01-0712,"[134, 135]","[2, 2]",3/ 5,6/ 83,84/ 163,2/ 6,120/ 132,134/ 217,Method_Citation
P98-1081,"[116, 117, 124]","[3, 3, 3]",W02-1004,"[105, 106, 107, 108, 109, 110, 111]","[5, 5, 5, 5, 5, 5, 5]",3/ 5,40/ 83,119/ 163,5/ 9,51/ 56,108/ 179,Results_Citation
P98-1081,"[100, 102, 116, 118]","[3, 3, 3, 3]",E99-1025,"[117, 118]","[3, 3]",3/ 5,30/ 83,109/ 163,3/ 6,74/ 104,118/ 206,Method_Citation
P98-1081,[100],[3],P06-2060,[35],[2],3/ 5,21/ 83,100/ 163,2/ 7,13/ 18,35/ 126,Aim_Citation
P98-1081,[158],[3],A00-1024,"[42, 43]","[2, 2]",3/ 5,79/ 83,158/ 163,2/ 8,18/ 18,42/ 241,Results_Citation
P98-1081,"[101, 102]","[3, 3]",W05-1518,"[10, 11]","[1, 1]",3/ 5,22/ 83,102/ 163,1/ 8,10/ 25,10/ 190,Method_Citation
P98-1081,"[145, 146, 147]","[3, 3, 3]",W05-1518,"[81, 82, 83]","[4, 4, 4]",3/ 5,67/ 83,146/ 163,4/ 8,20/ 46,82/ 190,Results_Citation
P98-1081,"[101, 102]","[3, 3]",W05-1518,[90],[4],3/ 5,22/ 83,102/ 163,4/ 8,28/ 46,90/ 190,Method_Citation
P98-1081,"[130, 137]","[3, 3]",W05-1518,[111],[5],3/ 5,54/ 83,134/ 163,5/ 8,3/ 68,111/ 190,Method_Citation
P98-1081,"[116, 117]","[3, 3]",W00-0733,[26],[2],3/ 5,38/ 83,116/ 163,2/ 5,23/ 43,26/ 77,Method_Citation
P98-1081,"[94, 101]","[3, 3]",W00-0733,"[18, 19, 20]","[2, 2, 2]",3/ 5,18/ 83,98/ 163,2/ 5,16/ 43,19/ 77,Method_Citation
P98-1081,[129],[3],W00-0733,[32],[2],3/ 5,50/ 83,129/ 163,2/ 5,29/ 43,32/ 77,Method_Citation
P98-1081,"[136, 145, 146, 147, 161]","[3, 3, 3, 3, 3]",J01-2002,"[40, 41, 42]","[1, 1, 1]",3/ 5,68/ 83,147/ 163,1/ 9,41/ 44,41/ 623,Results_Citation
P98-1081,"[75, 90, 136]","[2, 3, 3]",J01-2002,"[183, 184, 185, 186]","[3, 3, 3, 3]",3/ 5,27/ 83,100/ 163,3/ 9,34/ 165,184/ 623,Implication_Citation
P98-1081,"[3, 4, 125]","[0, 0, 3]",J01-2002,"[570, 571, 573]","[6, 6, 6]",1/ 5,18/ 83,44/ 163,6/ 9,8/ 35,571/ 623,Method_Citation
P98-1081,"[116, 117, 127, 128, 134]","[3, 3, 3, 3, 3]",J01-2002,"[102, 103, 104]","[2, 2, 2]",3/ 5,45/ 83,124/ 163,2/ 9,53/ 100,103/ 623,Method_Citation
P98-1081,"[124, 134]","[3, 3]",J01-2002,"[487, 488]","[5, 5]",3/ 5,50/ 83,129/ 163,5/ 9,82/ 157,488/ 623,Results_Citation
P98-1081,[63],[2],J01-2002,[176],[3],2/ 5,1/ 17,63/ 163,3/ 9,26/ 165,176/ 623,Method_Citation
P98-1081,"[3, 107]","[0, 3]",J01-2002,[309],[3],2/ 5,16/ 83,55/ 163,3/ 9,159/ 165,309/ 623,Results_Citation
P98-1081,"[130, 134, 137, 138]","[3, 3, 3, 3]",J01-2002,[398],[4],3/ 5,56/ 83,135/ 163,4/ 9,83/ 91,398/ 623,Results_Citation
P98-2143,"[154, 155, 156]","[5, 5, 5]",A00-1020,"[28, 29]","[2, 2]",5/ 6,2/ 3,155/ 156,2/ 6,4/ 83,28/ 216,Results_Citation
P98-2143,[15],[2],C02-1027,[13],[2],2/ 6,1/ 61,15/ 156,2/ 6,3/ 52,13/ 135,Method_Citation
P98-2143,[15],[2],C02-1027,[65],[3],2/ 6,1/ 61,15/ 156,3/ 6,3/ 53,65/ 135,Method_Citation
P98-2143,"[15, 18]","[2, 2]",C02-1027,"[71, 72, 73]","[3, 3, 3]",2/ 6,2/ 61,16/ 156,3/ 6,10/ 53,72/ 135,Method_Citation
P98-2143,"[16, 25]","[2, 2]",C02-1027,[79],[3],2/ 6,6/ 61,20/ 156,3/ 6,17/ 53,79/ 135,Method_Citation
P98-2143,"[19, 47]","[2, 2]",C04-1074,"[60, 61]","[3, 3]",2/ 6,19/ 61,33/ 156,3/ 6,22/ 123,60/ 252,Method_Citation
P98-2143,[15],[2],C04-1075,[19],[1],2/ 6,1/ 61,15/ 156,1/ 7,19/ 30,19/ 189,Method_Citation
P98-2143,[58],[2],C04-1143,[101],[3],2/ 6,44/ 61,58/ 156,3/ 7,44/ 63,101/ 150,Method_Citation
P98-2143,"[23, 24]","[2, 2]",D09-1101,[52],[2],2/ 6,10/ 61,24/ 156,2/ 8,6/ 39,52/ 253,Method_Citation
P98-2143,"[24, 25]","[2, 2]",E99-1031,[91],[6],2/ 6,10/ 61,24/ 156,6/ 7,8/ 17,91/ 100,Method_Citation
P98-2143,[15],[2],H05-1001,[59],[3],2/ 6,1/ 61,15/ 156,3/ 6,21/ 56,59/ 165,Method_Citation
P98-2143,"[15, 16]","[2, 2]",H05-1001,"[61, 62]","[3, 3]",2/ 6,2/ 61,16/ 156,3/ 6,24/ 56,62/ 165,Method_Citation
P98-2143,[17],[2],H05-1001,[63],[3],2/ 6,3/ 61,17/ 156,3/ 6,25/ 56,63/ 165,Method_Citation
P98-2143,[16],[2],I05-2040,[15],[1],2/ 6,2/ 61,16/ 156,1/ 9,15/ 27,15/ 168,Method_Citation
P98-2143,[154],[5],I08-3014,"[22, 23]","[1, 1]",5/ 6,1/ 3,154/ 156,1/ 10,22/ 33,22/ 246,Method_Citation
P98-2143,[154],[5],I08-3014,[41],[2],5/ 6,1/ 3,154/ 156,2/ 10,2/ 122,41/ 246,Method_Citation
P98-2143,"[93, 113, 114, 115]","[3, 3, 3, 3]",J01-4003,[5],[1],3/ 6,34/ 64,109/ 156,1/ 9,5/ 13,5/ 371,Method_Citation
P98-2143,"[93, 113, 114, 115]","[3, 3, 3, 3]",J01-4003,[5],[1],3/ 6,34/ 64,109/ 156,1/ 9,5/ 13,5/ 371,Implication_Citation
P98-2143,[16],[2],J01-4005,[318],[5],2/ 6,2/ 61,16/ 156,5/ 8,14/ 112,318/ 435,Method_Citation
P98-2143,[94],[3],J01-4006,[45],[2],3/ 6,19/ 64,94/ 156,2/ 6,33/ 100,45/ 186,Method_Citation
P98-2143,[8],[1],J02-1001,[6],[1],1/ 6,8/ 7,8/ 156,1/ 8,6/ 27,6/ 288,Implication_Citation
P98-2143,"[154, 155]","[5, 5]",J05-3004,"[7, 8]","[1, 1]",5/ 6,2/ 3,154/ 156,1/ 9,8/ 40,8/ 697,Aim_Citation
P98-2143,"[154, 155]","[5, 5]",J05-3004,"[7, 8]","[1, 1]",5/ 6,2/ 3,154/ 156,1/ 9,8/ 40,8/ 697,Results_Citation
P98-2143,"[1, 2, 154, 155]","[0, 0, 5, 5]",N01-1008,"[9, 10, 11]","[1, 1, 1]",2/ 6,2/ 3,78/ 156,1/ 2,10/ 60,10/ 65,Method_Citation
P98-2143,"[1, 2, 154, 155]","[0, 0, 5, 5]",N01-1008,"[9, 10, 11]","[1, 1, 1]",2/ 6,2/ 3,78/ 156,1/ 2,10/ 60,10/ 65,Results_Citation
P98-2143,[154],[5],N01-1008,[63],[1],5/ 6,1/ 3,154/ 156,1/ 2,63/ 60,63/ 65,Method_Citation
P98-2143,"[15, 155, 156]","[2, 5, 5]",N04-1004,[45],[2],4/ 6,2/ 3,109/ 156,2/ 10,32/ 39,45/ 259,Method_Citation
P98-2143,"[15, 155, 156]","[2, 5, 5]",N04-1004,[45],[2],4/ 6,2/ 3,109/ 156,2/ 10,32/ 39,45/ 259,Results_Citation
P98-2143,[16],[2],P00-1022,[27],[1],2/ 6,2/ 61,16/ 156,1/ 14,27/ 29,27/ 223,Method_Citation
P98-2143,"[3, 6]","[0, 0]",P00-1022,[178],[11],0/ 6,4/ 7,4/ 156,11/ 14,18/ 20,178/ 223,Method_Citation
P98-2143,"[3, 6]","[0, 0]",P00-1022,[178],[11],0/ 6,4/ 7,4/ 156,11/ 14,18/ 20,178/ 223,Results_Citation
P98-2143,[15],[2],P00-1022,[209],[13],2/ 6,1/ 61,15/ 156,13/ 14,28/ 42,209/ 223,Method_Citation
P98-2143,[154],[5],P01-1006,[65],[3],5/ 6,1/ 3,154/ 156,3/ 5,31/ 106,65/ 145,Method_Citation
P98-2143,"[3, 5]","[0, 0]",P01-1006,[82],[3],0/ 6,4/ 7,4/ 156,3/ 5,48/ 106,82/ 145,Method_Citation
P98-2143,[154],[5],P01-1006,[8],[1],5/ 6,1/ 3,154/ 156,1/ 5,8/ 6,8/ 145,Method_Citation
P98-2143,"[3, 5]","[0, 0]",P03-1023,[13],[1],0/ 6,4/ 7,4/ 156,1/ 8,13/ 26,13/ 269,Method_Citation
P98-2143,[25],[2],P04-1017,[191],[6],2/ 6,11/ 61,25/ 156,6/ 8,5/ 7,191/ 202,Method_Citation
P98-2143,[15],[2],P04-1018,[8],[1],2/ 6,1/ 61,15/ 156,1/ 9,8/ 15,8/ 222,Method_Citation
P98-2143,[13],[1],P05-1021,[17],[1],1/ 6,13/ 7,13/ 156,1/ 6,17/ 34,17/ 225,Implication_Citation
P98-2143,[25],[2],P05-1021,[97],[3],2/ 6,11/ 61,25/ 156,3/ 6,23/ 62,97/ 225,Method_Citation
P98-2143,[16],[2],P06-1006,[12],[1],2/ 6,2/ 61,16/ 156,1/ 7,12/ 28,12/ 215,Method_Citation
P98-2143,"[15, 16]","[2, 2]",P07-1068,[5],[1],2/ 6,2/ 61,16/ 156,1/ 6,5/ 29,5/ 208,Method_Citation
P98-2143,"[25, 64, 65]","[2, 2, 2]",P13-3012,[15],[2],2/ 6,37/ 61,51/ 156,2/ 9,2/ 29,15/ 294,Method_Citation
P98-2143,"[15, 16]","[2, 2]",S10-1019,"[4, 5, 6, 7]","[1, 1, 1, 1]",2/ 6,2/ 61,16/ 156,1/ 5,6/ 14,6/ 233,Method_Citation
P98-2143,"[154, 155]","[5, 5]",W01-0704,"[82, 83]","[5, 5]",5/ 6,2/ 3,154/ 156,5/ 7,6/ 29,82/ 119,Method_Citation
P98-2143,"[154, 155]","[5, 5]",W01-0704,"[82, 83]","[5, 5]",5/ 6,2/ 3,154/ 156,5/ 7,6/ 29,82/ 119,Results_Citation
P98-2143,[154],[5],W04-0707,[222],[4],5/ 6,1/ 3,154/ 156,4/ 8,165/ 203,222/ 276,Method_Citation
P98-2143,"[63, 64, 65]","[2, 2, 2]",W04-2310,[102],[8],2/ 6,50/ 61,64/ 156,8/ 9,7/ 21,102/ 116,Method_Citation
P98-2143,"[85, 139]","[3, 3]",W04-2310,[11],[1],3/ 6,37/ 64,112/ 156,1/ 9,11/ 18,11/ 116,Implication_Citation
P98-2143,"[15, 16]","[2, 2]",W06-2302,[48],[2],2/ 6,2/ 61,16/ 156,2/ 7,32/ 49,48/ 191,Method_Citation
P98-2143,"[15, 16]","[2, 2]",W09-2411,[6],[1],2/ 6,2/ 61,16/ 156,1/ 6,6/ 21,6/ 147,Method_Citation
P98-2143,"[3, 5]","[0, 0]",W99-0104,[59],[2],0/ 6,4/ 7,4/ 156,2/ 6,22/ 37,59/ 268,Method_Citation
P98-2143,[25],[2],W99-0104,[60],[2],2/ 6,11/ 61,25/ 156,2/ 6,23/ 37,60/ 268,Method_Citation
P98-2143,"[98, 99]","[3, 3]",W99-0207,"[128, 129]","[4, 4]",3/ 6,24/ 64,98/ 156,4/ 7,4/ 22,128/ 152,Method_Citation
P98-2143,"[98, 99]","[3, 3]",W99-0207,"[128, 129]","[4, 4]",3/ 6,24/ 64,98/ 156,4/ 7,4/ 22,128/ 152,Results_Citation
P98-2143,"[12, 13]","[1, 1]",W99-0207,[131],[4],1/ 6,12/ 7,12/ 156,4/ 7,7/ 22,131/ 152,Implication_Citation
W03-0410,[11],[1],D07-1018,[9],[1],1/ 9,11/ 27,11/ 274,1/ 10,9/ 27,9/ 239,Method_Citation
W03-0410,[15],[1],D09-1138,[25],[1],1/ 9,15/ 27,15/ 274,1/ 8,25/ 21,25/ 268,Implication_Citation
W03-0410,[17],[1],D09-1138,[70],[2],1/ 9,17/ 27,17/ 274,2/ 8,43/ 85,70/ 268,Results_Citation
W03-0410,[131],[4],D11-1095,[17],[1],4/ 9,2/ 33,131/ 274,1/ 7,17/ 28,17/ 258,Method_Citation
W03-0410,[34],[2],D11-1095,[38],[2],2/ 9,1/ 17,34/ 274,2/ 7,5/ 19,38/ 258,Method_Citation
W03-0410,[123],[3],D11-1095,[40],[2],3/ 9,73/ 79,123/ 274,2/ 7,7/ 19,40/ 258,Method_Citation
W03-0410,"[34, 117]","[2, 3]",D11-1095,[54],[3],2/ 9,34/ 79,76/ 274,3/ 7,2/ 99,54/ 258,Method_Citation
W03-0410,[137],[4],D11-1095,"[82, 83]","[3, 3]",4/ 9,8/ 33,137/ 274,3/ 7,30/ 99,82/ 258,Implication_Citation
W03-0410,[27],[1],D11-1095,[167],[4],1/ 9,27/ 27,27/ 274,4/ 7,16/ 67,167/ 258,Method_Citation
W03-0410,[28],[1],D11-1095,[168],[4],1/ 9,28/ 27,28/ 274,4/ 7,17/ 67,168/ 258,Method_Citation
W03-0410,[114],[3],D11-1095,[169],[4],3/ 9,64/ 79,114/ 274,4/ 7,18/ 67,169/ 258,Method_Citation
W03-0410,[144],[4],J06-2001,[397],[3],4/ 9,15/ 33,144/ 274,3/ 8,325/ 424,397/ 676,Method_Citation
W03-0410,"[117, 229, 230]","[3, 5, 5]",J06-2001,"[586, 587, 588, 589]","[5, 5, 5, 5]",4/ 9,67/ 89,192/ 274,5/ 8,36/ 61,588/ 676,Method_Citation
W03-0410,"[144, 157]","[4, 4]",P03-1009,[124],[5],4/ 9,22/ 33,150/ 274,5/ 7,67/ 125,124/ 192,Method_Citation
W03-0410,[195],[5],P03-1009,[143],[5],5/ 9,33/ 89,195/ 274,5/ 7,86/ 125,143/ 192,Results_Citation
W03-0410,[11],[1],P04-2007,[11],[1],1/ 9,11/ 27,11/ 274,1/ 6,11/ 13,11/ 144,Method_Citation
W03-0410,[23],[1],P07-3016,[39],[2],1/ 9,23/ 27,23/ 274,2/ 8,16/ 34,39/ 146,Hypothesis_Citation
W03-0410,[261],[7],W06-2910,"[7, 8]","[1, 1]",7/ 9,1/ 12,261/ 274,1/ 7,8/ 22,8/ 180,Method_Citation
W03-0410,[261],[7],W06-2910,"[7, 8]","[1, 1]",7/ 9,1/ 12,261/ 274,1/ 7,8/ 22,8/ 180,Aim_Citation
W03-0410,"[35, 254]","[2, 6]",W06-2910,[13],[1],4/ 9,2/ 9,144/ 274,1/ 7,13/ 22,13/ 180,Method_Citation
W03-0410,[144],[4],W06-2910,"[118, 119]","[5, 5]",4/ 9,15/ 33,144/ 274,5/ 7,22/ 73,118/ 180,Method_Citation
W03-0410,[17],[1],E09-1072,[80],[4],1/ 9,17/ 27,17/ 274,4/ 7,6/ 33,80/ 200,Results_Citation
W04-0213,[6],[1],C04-1061,[13],[1],1/ 5,6/ 14,6/ 160,1/ 8,13/ 12,13/ 124,Method_Citation
W04-0213,[3],[1],C04-1061,[32],[2],1/ 5,3/ 14,3/ 160,2/ 8,14/ 18,32/ 124,Method_Citation
W04-0213,"[17, 18, 113]","[2, 2, 3]",C04-1061,[47],[4],2/ 5,4/ 46,49/ 160,4/ 8,2/ 48,47/ 124,Method_Citation
W04-0213,[68],[2],C08-2009,[4],[1],2/ 5,52/ 87,68/ 160,1/ 6,4/ 17,4/ 126,Method_Citation
W04-0213,[3],[1],P06-3008,[22],[2],1/ 5,3/ 14,3/ 160,2/ 4,2/ 115,22/ 138,Method_Citation
W04-0213,[42],[2],P08-2062,"[3, 4]","[1, 1]",2/ 5,26/ 87,42/ 160,1/ 7,4/ 12,4/ 107,Method_Citation
W04-0213,[125],[3],P08-2062,[15],[2],3/ 5,22/ 46,125/ 160,2/ 7,1/ 26,15/ 107,Method_Citation
W04-0213,"[5, 6, 7]","[1, 1, 1]",W06-2709,[72],[4],1/ 5,6/ 14,6/ 160,4/ 7,9/ 12,72/ 83,Method_Citation
W04-0213,[3],[1],W07-1525,[170],[6],1/ 5,3/ 14,3/ 160,6/ 9,1/ 23,170/ 223,Method_Citation
W04-0213,"[3, 4]","[1, 1]",W07-1530,"[29, 30]","[3, 3]",1/ 5,4/ 14,4/ 160,3/ 8,10/ 20,30/ 119,Method_Citation
W04-0213,"[2, 6]","[0, 1]",W07-1530,[40],[4],0/ 5,4/ 14,4/ 160,4/ 8,1/ 13,40/ 119,Method_Citation
W04-0213,"[6, 17, 18, 68]","[1, 2, 2, 2]",W11-0401,"[42, 43, 44, 45, 48, 49]","[2, 2, 2, 2, 2, 2]",2/ 5,15/ 87,27/ 160,2/ 6,14/ 38,45/ 252,Method_Citation
W04-0213,"[6, 17, 18, 68]","[1, 2, 2, 2]",W11-0401,"[42, 43, 44, 45, 48, 49]","[2, 2, 2, 2, 2, 2]",2/ 5,15/ 87,27/ 160,2/ 6,14/ 38,45/ 252,Implication_Citation
W04-0213,[44],[2],W12-3205,[98],[3],2/ 5,28/ 87,44/ 160,3/ 6,35/ 38,98/ 188,Method_Citation
W04-0213,[8],[1],W13-2708,[161],[4],1/ 5,8/ 14,8/ 160,4/ 8,39/ 69,161/ 221,Method_Citation
W04-0213,[1],[0],W13-3306,[31],[2],0/ 5,1/ 2,1/ 160,2/ 10,5/ 14,31/ 162,Method_Citation
W06-3909,[8],[1],D09-1025,[93],[3],1/ 7,8/ 11,8/ 206,3/ 6,16/ 47,93/ 255,Method citation
W06-3909,[121],[4],D09-1025,"[119, 120]","[3, 3]",4/ 7,16/ 90,121/ 206,3/ 6,42/ 47,120/ 255,Method citation
W06-3909,[196],[5],P09-1045,[127],[4],5/ 7,1/ 10,196/ 206,4/ 10,7/ 39,127/ 259,Method citation
W06-3909,[19],[2],P09-1113,[17],[1],2/ 7,5/ 24,19/ 206,1/ 7,17/ 33,17/ 225,Method citation
W06-3909,[51],[3],P170300_w06,[82],[2],3/ 7,13/ 67,51/ 206,2/ 4,26/ 107,82/ 165,Method citation
W06-3909,"[20, 21]","[2, 2]",P846406_w06,[104],[3],2/ 7,6/ 24,20/ 206,3/ 5,66/ 95,104/ 151,Method citation
W06-3909,[30],[2],P846406_w06,[105],[3],2/ 7,16/ 24,30/ 206,3/ 5,67/ 95,105/ 151,Method citation
W06-3909,[196],[5],Pfram_w06,[596],[1],5/ 7,1/ 10,196/ 206,1/ 4,596/ 721,596/ 1094,Method citation
W06-3909,[68],[3],Pfram_w06,[601],[1],3/ 7,30/ 67,68/ 206,1/ 4,601/ 721,601/ 1094,Method citation
W06-3909,[33],[2],Ponto_w06,[18],[1],2/ 7,19/ 24,33/ 206,1/ 7,18/ 19,18/ 226,Method citation
W06-3909,[19],[2],Ponto_w06,[27],[2],2/ 7,5/ 24,19/ 206,2/ 7,2/ 11,27/ 226,Method citation
W06-3909,"[122, 123, 124, 125, 126, 127, 128, 129, 130]","[4, 4, 4, 4, 4, 4, 4, 4, 4]",PSS07_w06,[49],[2],4/ 7,21/ 90,126/ 206,2/ 7,14/ 28,49/ 283,Method citation |
W08-2222,"[3, 144]","[0, 4]",P13-1138,[69],[3],2/ 6,20/ 47,74/ 164,3/ 7,11/ 79,69/ 251,Method_Citation
W08-2222,[17],[2],Q13-1015,[43],[2],2/ 6,5/ 49,17/ 164,2/ 12,26/ 33,43/ 301,Method_Citation
W08-2222,[17],[2],S12-1040,[12],[1],2/ 6,5/ 49,17/ 164,1/ 7,12/ 8,12/ 229,Method_Citation
W08-2222,"[17, 11]","[2, 1]",S13-1002,[42],[2],2/ 6,8/ 3,14/ 164,2/ 9,5/ 39,42/ 257,Method_Citation
W08-2222,"[11, 164]","[1, 5]",W10-1750,[56],[2],3/ 6,10/ 10,88/ 164,2/ 7,25/ 40,56/ 144,Method_Citation
W08-2222,"[17, 23]","[2, 2]",W11-2408,[124],[5],2/ 6,8/ 49,20/ 164,5/ 7,40/ 42,124/ 127,Method_Citation
W08-2222,"[17, 23]","[2, 2]",W11-2408,[124],[5],2/ 6,8/ 49,20/ 164,5/ 7,40/ 42,124/ 127,Implication_Citation
W08-2222,[10],[1],W13-2101,[7],[1],1/ 6,10/ 3,10/ 164,1/ 9,7/ 10,7/ 189,Implication_Citation
W08-2222,[156],[5],W13-3209,[35],[2],5/ 6,2/ 10,156/ 164,2/ 9,7/ 26,35/ 175,Method_Citation
W09-0621,[3],[0],D12-1016,"[83, 84]","[3, 3]",0/ 6,3/ 4,3/ 99,3/ 8,12/ 56,84/ 308,Method_Citation
W09-0621,[13],[1],D13-1155,[102],[4],1/ 6,13/ 12,13/ 99,4/ 7,5/ 47,102/ 229,Method_Citation
W09-0621,[3],[0],PS15684-W09,[43],[2],0/ 6,3/ 4,3/ 99,2/ 7,15/ 43,43/ 431,Method_Citation
W09-0621,[10],[1],PS15684-W09,[253],[4],1/ 6,10/ 12,10/ 99,4/ 7,9/ 154,253/ 431,Method_Citation
W09-0621,[40],[2],PS15684-W09,[288],[4],2/ 6,24/ 60,40/ 99,4/ 7,44/ 154,288/ 431,Method_Citation
W09-0621,[43],[2],PS15684-W09,[289],[4],2/ 6,27/ 60,43/ 99,4/ 7,45/ 154,289/ 431,Method_Citation
W09-0621,[60],[2],PS15684-W09,[349],[4],2/ 6,44/ 60,60/ 99,4/ 7,105/ 154,349/ 431,Method_Citation
W09-0621,[81],[3],PS15684-W09,[362],[4],3/ 6,5/ 7,81/ 99,4/ 7,118/ 154,362/ 431,Method_Citation
W09-0621,[68],[2],PS15684-W09,"[368, 369, 370]","[4, 4, 4]",2/ 6,52/ 60,68/ 99,4/ 7,125/ 154,369/ 431,Method_Citation
W09-0621,[57],[2],W10-4223,"[33, 34]","[2, 2]",2/ 6,41/ 60,57/ 99,2/ 6,10/ 14,34/ 104,Method_Citation
W09-0621,[1],[0],w11-1604,[34],[2],0/ 6,1/ 4,1/ 99,2/ 6,7/ 30,34/ 105,Method_Citation
W09-0621,[46],[2],w11-1604,[73],[3],2/ 6,30/ 60,46/ 99,3/ 6,16/ 27,73/ 105,Method_Citation
W11-0815,[217],[5],D13-1060,[7],[1],5/ 6,1/ 10,217/ 226,1/ 8,7/ 21,7/ 221,Method_Citation
W11-0815,[18],[1],P09207_w11,"[625, 626]","[3, 3]",1/ 6,18/ 21,18/ 226,3/ 4,268/ 402,626/ 760,Method_Citation
W11-0815,[1],[0],Pproc9_w11,"[15, 16]","[1, 1]",0/ 6,1/ 5,1/ 226,1/ 7,16/ 19,16/ 177,Method_CItation
W11-0815,[47],[3],Pproc14_w11,"[16, 17, 18, 19]","[1, 1, 1, 1]",3/ 6,10/ 87,47/ 226,1/ 8,18/ 27,18/ 201,Method_Citation
W11-0815,[6],[1],S13-1039,[5],[1],1/ 6,6/ 21,6/ 226,1/ 12,5/ 12,5/ 200,Method_Citation
W11-0815,[21],[1],W12-3311,[31],[1],1/ 6,21/ 21,21/ 226,1/ 7,31/ 26,31/ 143,Method_Citation
W11-0815,[15],[1],W13-1006,"[15, 16]","[1, 1]",1/ 6,15/ 21,15/ 226,1/ 7,16/ 19,16/ 173,Method_Citation
W11-0815,[17],[1],W13-3208,[16],[1],1/ 6,17/ 21,17/ 226,1/ 6,16/ 36,16/ 195,Result_Citation
W11-0815,[30],[2],W15-0909,"[4, 5, 6]","[1, 1, 1]",2/ 6,4/ 11,30/ 226,1/ 7,5/ 11,5/ 99,Method_Citation
W11-0815,"[62, 64]","[3, 3]",W15-0909,"[7, 8]","[1, 1]",3/ 6,26/ 87,63/ 226,1/ 7,8/ 11,8/ 99,Result_Citation
W95-0104,"[32, 25]","[2, 1]",A00-2019,[23],[1],2/ 7,14/ 19,28/ 337,1/ 7,23/ 31,23/ 200,Aim_Citation
W95-0104,"[32, 25]","[2, 1]",A00-2019,[23],[1],2/ 7,14/ 19,28/ 337,1/ 7,23/ 31,23/ 200,Method_Citation
W95-0104,[25],[1],A97-1025,[29],[2],1/ 7,25/ 19,25/ 337,2/ 8,7/ 15,29/ 211,Method_Citation
W95-0104,[63],[3],A97-1025,[125],[5],3/ 7,12/ 233,63/ 337,5/ 8,1/ 73,125/ 211,Results_Citation
W95-0104,"[17, 25]","[1, 1]",C04-1131,[46],[2],1/ 7,21/ 19,21/ 337,2/ 5,34/ 48,46/ 215,Hypothesis_Citation
W95-0104,"[17, 25]","[1, 1]",C04-1131,[46],[2],1/ 7,21/ 19,21/ 337,2/ 5,34/ 48,46/ 215,Method_Citation
W95-0104,"[18, 24]","[1, 1]",D07-1012,[71],[5],1/ 7,21/ 19,21/ 337,5/ 7,36/ 234,71/ 272,Method_Citation
W95-0104,[25],[1],D11-1119,[40],[2],1/ 7,25/ 19,25/ 337,2/ 8,11/ 30,40/ 274,Method_Citation
W95-0104,"[58, 59, 63]","[3, 3, 3]",E06-1030,[164],[5],3/ 7,9/ 233,60/ 337,5/ 9,24/ 39,164/ 237,Results_Citation
W95-0104,"[18, 19]","[1, 1]",E99-1024,"[33, 34]","[1, 1]",1/ 7,18/ 19,18/ 337,1/ 6,34/ 46,34/ 199,Method_Citation
W95-0104,"[18, 19]","[1, 1]",E99-1024,"[33, 34]","[1, 1]",1/ 7,18/ 19,18/ 337,1/ 6,34/ 46,34/ 199,Aim_Citation
W95-0104,"[18, 33, 34, 35]","[1, 2, 2, 2]",H01-1052,"[20, 21, 22]","[2, 2, 2]",2/ 7,9/ 23,30/ 337,2/ 8,4/ 16,21/ 128,Method_Citation
W95-0104,"[85, 86, 87, 88]","[3, 3, 3, 3]",J98-1006,"[108, 109]","[2, 2]",3/ 7,36/ 233,86/ 337,2/ 6,80/ 189,108/ 400,Method_Citation
W95-0104,"[17, 19, 333, 334]","[1, 1, 5, 5]",N03-2035,"[23, 24]","[1, 1]",3/ 7,11/ 7,176/ 337,1/ 7,24/ 22,24/ 93,Method_Citation
W95-0104,"[17, 19, 333, 334]","[1, 1, 5, 5]",N03-2035,"[23, 24]","[1, 1]",3/ 7,11/ 7,176/ 337,1/ 7,24/ 22,24/ 93,Results_Citation
W95-0104,[25],[1],N03-2035,[56],[6],1/ 7,25/ 19,25/ 337,6/ 7,23/ 60,56/ 93,Method_Citation
W95-0104,[18],[1],N03-2035,[89],[6],1/ 7,18/ 19,18/ 337,6/ 7,56/ 60,89/ 93,Method_Citation
W95-0104,"[18, 24]","[1, 1]",N04-1016,"[98, 99]","[4, 4]",1/ 7,21/ 19,21/ 337,4/ 11,8/ 30,98/ 227,Method_Citation
W95-0104,[63],[3],N04-1016,[102],[4],3/ 7,12/ 233,63/ 337,4/ 11,12/ 30,102/ 227,Results_Citation
W95-0104,"[19, 58]","[1, 3]",N04-1016,[103],[4],2/ 7,13/ 233,38/ 337,4/ 11,13/ 30,103/ 227,Aim_Citation
W95-0104,"[19, 58]","[1, 3]",N04-1016,[103],[4],2/ 7,13/ 233,38/ 337,4/ 11,13/ 30,103/ 227,Results_Citation
W95-0104,"[58, 59]","[3, 3]",N04-1016,[114],[4],3/ 7,8/ 233,58/ 337,4/ 11,24/ 30,114/ 227,Results_Citation
W95-0104,[18],[1],N04-1016,[116],[4],1/ 7,18/ 19,18/ 337,4/ 11,26/ 30,116/ 227,Method_Citation
W95-0104,[35],[2],N10-1019,[11],[1],2/ 7,7/ 23,35/ 337,1/ 8,11/ 27,11/ 197,Method_Citation
W95-0104,"[18, 162, 163]","[1, 3, 3]",P01-1005,"[19, 20]","[2, 2]",2/ 7,80/ 233,114/ 337,2/ 7,4/ 10,20/ 132,Method_Citation
W95-0104,"[333, 334]","[5, 5]",P96-1010,[25],[1],5/ 7,4/ 7,334/ 337,1/ 9,25/ 38,25/ 199,Method_Citation
W95-0104,"[333, 334]","[5, 5]",P96-1010,[25],[1],5/ 7,4/ 7,334/ 337,1/ 9,25/ 38,25/ 199,Results_Citation
W95-0104,"[322, 325]","[4, 4]",P96-1010,[38],[1],4/ 7,40/ 45,324/ 337,1/ 9,38/ 38,38/ 199,Results_Citation
W95-0104,[25],[1],P96-1010,[78],[5],1/ 7,25/ 19,25/ 337,5/ 9,3/ 45,78/ 199,Method_Citation
W95-0104,[18],[1],P96-1010,"[79, 80]","[5, 5]",1/ 7,18/ 19,18/ 337,5/ 9,4/ 45,80/ 199,Method_Citation
W95-0104,[19],[1],P98-2138,[95],[5],1/ 7,19/ 19,19/ 337,5/ 7,13/ 96,95/ 180,Aim_Citation
W95-0104,[24],[1],P98-2138,[143],[5],1/ 7,24/ 19,24/ 337,5/ 7,61/ 96,143/ 180,Method_Citation
W95-0104,"[18, 19]","[1, 1]",W00-0701,[23],[2],1/ 7,18/ 19,18/ 337,2/ 6,6/ 30,23/ 143,Method_Citation
W95-0104,"[18, 19]","[1, 1]",W00-0701,[23],[2],1/ 7,18/ 19,18/ 337,2/ 6,6/ 30,23/ 143,Aim_Citation
W95-0104,[17],[1],W00-0701,[113],[4],1/ 7,17/ 19,17/ 337,4/ 6,18/ 27,113/ 143,Hypothesis_Citation
W95-0104,[18],[1],W01-0502,[10],[1],1/ 7,18/ 19,18/ 337,1/ 7,10/ 26,10/ 246,Method_Citation
W95-0104,"[19, 25]","[1, 1]",W02-1005,[9],[1],1/ 7,22/ 19,22/ 337,1/ 7,9/ 9,9/ 231,Aim_Citation
W95-0104,"[19, 25]","[1, 1]",W02-1005,[9],[1],1/ 7,22/ 19,22/ 337,1/ 7,9/ 9,9/ 231,Method_Citation
W95-0104,"[19, 58]","[1, 3]",W02-1005,[180],[5],2/ 7,13/ 233,38/ 337,5/ 7,30/ 78,180/ 231,Aim_Citation
W95-0104,"[19, 58]","[1, 3]",W02-1005,[180],[5],2/ 7,13/ 233,38/ 337,5/ 7,30/ 78,180/ 231,Results_Citation
W95-0104,[19],[1],W04-3238,[13],[1],1/ 7,19/ 19,19/ 337,1/ 7,13/ 30,13/ 147,Aim_Citation
W95-0104,[216],[3],W06-1624,[84],[2],3/ 7,165/ 233,216/ 337,2/ 7,60/ 82,84/ 283,Method_Citation
W95-0104,[32],[2],W06-3604,[146],[5],2/ 7,4/ 23,32/ 337,5/ 8,9/ 9,146/ 155,Aim_Citation
W95-0104,"[19, 25]","[1, 1]",W12-0304,[33],[2],1/ 7,22/ 19,22/ 337,2/ 7,7/ 23,33/ 220,Aim_Citation
W95-0104,"[19, 25]","[1, 1]",W12-0304,[33],[2],1/ 7,22/ 19,22/ 337,2/ 7,7/ 23,33/ 220,Method_Citation
W95-0104,"[19, 25]","[1, 1]",W96-0108,[28],[1],1/ 7,22/ 19,22/ 337,1/ 7,28/ 26,28/ 180,Aim_Citation
W95-0104,"[19, 25]","[1, 1]",W96-0108,[28],[1],1/ 7,22/ 19,22/ 337,1/ 7,28/ 26,28/ 180,Method_Citation
W95-0104,[19],[1],W98-1234,[4],[0],1/ 7,19/ 19,19/ 337,0/ 2,4/ 4,4/ 22,Aim_Citation
X96-1048,[357],[2],A97-1028,[3],[1],2/ 4,158/ 160,357/ 362,1/ 6,3/ 21,3/ 106,Implication_Citation
X96-1048,"[4, 113]","[1, 1]",J00-4003,"[12, 20]","[1, 1]",1/ 4,58/ 198,58/ 362,1/ 4,16/ 26,16/ 943,Method_Citation
X96-1048,"[129, 132, 133]","[1, 1, 1]",J00-4003,"[71, 72]","[2, 2]",1/ 4,131/ 198,131/ 362,2/ 4,42/ 463,72/ 943,Results_Citation
X96-1048,[13],[1],W97-1307,"[29, 30]","[1, 1]",1/ 4,13/ 198,13/ 362,1/ 10,30/ 43,30/ 205,Method_Citation
X96-1048,[174],[1],P06-1059,[10],[1],1/ 4,174/ 198,174/ 362,1/ 7,10/ 35,10/ 182,Results_Citation
X96-1048,"[27, 28, 31, 227]","[1, 1, 1, 2]",C04-1126,"[49, 50, 51]","[2, 2, 2]",1/ 4,28/ 160,78/ 362,2/ 8,19/ 35,50/ 176,Method_Citation
X96-1048,"[212, 213]","[2, 2]",C04-1126,[34],[2],2/ 4,14/ 160,212/ 362,2/ 8,3/ 35,34/ 176,Results_Citation
X96-1048,"[54, 57]","[1, 1]",W99-0612,"[141, 142]","[1, 1]",1/ 4,56/ 198,56/ 362,1/ 2,142/ 209,142/ 212,Results_Citation
X96-1048,[72],[1],E99-1001,[17],[1],1/ 4,72/ 198,72/ 362,1/ 8,17/ 36,17/ 217,Method_Citation
X96-1048,"[245, 246]","[2, 2]",M98-1003,[3],[1],2/ 4,46/ 160,246/ 362,1/ 3,3/ 84,3/ 87,Implication_Citation
